lat,lon,name
35.6484644,139.8246996,日比谷公園庭球場
35.64338,139.7943014,石井スポーツ カンダコンペカン
35.6870455,139.8184553,石井スポーツ 登山本店
35.6348541,139.7875434,Patagonia(パタゴニア) 東京・神田
35.6841736,139.821624,KANDAHAR 本店
35.6332705,139.7838999,石井スポーツ 神田本館
35.6704653,139.7916585,ムラサキスポーツ 神田小川町店
35.6514096,139.8150656,ASICS RUN TOKYO MARUNOUCHI(アシックスラン東京丸の内)
35.6768995,139.8051487,スーパースポーツゼビオ 東京御茶ノ水本店
35.6661254,139.807223,千代田区立スポーツセンター
35.637723,139.7853379,Victoria(ヴィクトリア) 御茶ノ水本店
35.659739,139.8195425,MIZUNO TOKYO(ミズノトウキョウ)
35.6490612,139.8300149,ココナッツ本店
35.6476676,139.8189435,外濠公園総合グラウンド
35.7001824,139.8365548,HOKA Marunouchi(ホカ マルノウチ)
35.6906352,139.8189556,ロンドン・スポーツ 神田店
35.6247851,139.7758551,ヴィクトリアゴルフ 御茶ノ水店
35.7044762,139.8262585,MARUNOUCHI Bike&Run(マルノウチ バイクアンドラン)
35.6767764,139.8076583,SPA OTEMACHI FITNESS CLUB(スパ オオテマチ フィットネス クラブ)
35.6348541,139.7875434,jump one Akihabara(ジャンプ ワン アキハバラ)
35.6849262,139.802008,パレスサイクリングコース
35.6675914,139.824329,エニタイムフィットネス 千代田岩本町店
35.6665566,139.8160339,ラフィネランニングスタイル Otemachi One店
35.6792214,139.8394971,神保町ゴルフスクール
35.6689312,139.8039662,BOULCOM(ボルコム) 東京店
35.6292016,139.837303,Fun Azul Fleet
35.6731064,139.8199813,ダイブ クラップス
35.6094807,139.7843792,エニタイムフィットネス 赤坂プルデンシャルタワー店
35.6571189,139.8342615,エニタイムフィットネス 御茶ノ水店
35.6471426,139.7849069,エニタイムフィットネス 神田東口店
35.6555387,139.8089648,エニタイムフィットネス 秋葉原店
35.6571189,139.8342615,エニタイムフィットネス 九段下店
35.6742707,139.8108042,エニタイムフィットネス 麹町店
35.6798451,139.8443292,エニタイムフィットネス 内神田店
35.7001618,139.8200237,ゴールドジム 四ツ谷東京
35.6837838,139.839712,chocoZAP(チョコザップ) 神保町
35.6722881,139.798907,chocoZAP(チョコザップ) 岩本町二丁目
35.6482643,139.7861315,chocoZAP(チョコザップ) 神田小川町
35.6481292,139.813325,chocoZAP(チョコザップ) 外神田二丁目
35.6496256,139.7890621,chocoZAP(チョコザップ) 飯田橋一丁目
35.6934,139.8306553,chocoZAP(チョコザップ) 岩本町
35.6494979,139.8287202,chocoZAP(チョコザップ) 九段南三丁目
35.6758579,139.795901,chocoZAP(チョコザップ) 神田
35.6401808,139.8033197,chocoZAP(チョコザップ) 麹町
35.6387479,139.785298,ティップネス丸の内スタイル
35.6885388,139.8358962,スキーショップ アスペン
35.6999204,139.8385014,ACTEK GOLF(アクテック ゴルフ)
35.6694496,139.8323344,PRO SHOP HANDBALL7(プロ ショップ ハンドボールセブン) 神田本店
35.6749337,139.797865,GRIT FIGHT SHOP(グリット ファイト ショップ)
35.6895312,139.8473683,ダイビングショップ アクオス
35.6972522,139.8201479,Hi-GOLD TOKYO BASE(ハイ ゴールド トウキョウ ベース)
35.6888618,139.8302555,マチトレ 市ヶ谷店
35.7005844,139.82314,ファイトフィット秋葉原
35.6742707,139.8108042,Private Practice Range(プライベート プラクティス レンジ)
35.6954258,139.8334763,ボクシングスタジオTRINITY(トリニティ)
35.6825292,139.8256137,Peak Conditioning(ピーク コンディショニング)
35.6899801,139.8451689,GolFair(ゴルフェア)
35.6697552,139.8083086,zen place pilates(ゼン プレイス ピラティス) 神保町
35.6865567,139.8052756,KICKBOXING STUDIO OFFICE RINGS RUNCUBE(キックボクシング スタジオ オフィス リングス ランキューブ)
35.6306738,139.8376438,HEALTH CARE CREATE(ヘルスケアクリエイト) 本店/神田トレーニングルーム
35.6902055,139.8152724,セントラルスポーツ ジムスタ 飯田橋サクラテラス
35.6653072,139.8351728,つるやゴルフ 神田駅前店
35.6699741,139.8014388,スポーツクラブNAS 赤坂店
35.6754166,139.8254024,F.JANCK(エフジャンク)
35.6959716,139.8292575,ジムセントラル24神田
35.6703504,139.8112322,NGCニューゴルフクリニック
35.6731284,139.815991,WIN & WIN(ウイン アンド ウイン) 東京ショールーム
35.6716472,139.8359921,マチトレ 麹町店
35.6983648,139.8274226,みなとゴルフ 市ヶ谷
35.6983648,139.8274226,パーソナルトレーニングジム・整体gis
35.6708647,139.8289163,スマート卓球ジム 秋葉原岩本町店
35.6706172,139.8075958,株式会社井本運動具店
35.6800961,139.8296958,Stylish Golf Studio(スタイリッシュ ゴルフ スタジオ)
35.6381134,139.7924937,Dr.stretch(ドクター ストレッチ) 神田店
35.6685962,139.8048553,Burton Store Tokyo Kanda(バートン ストア トウキョウ カンダ)
35.6556632,139.7924528,さかいやスポーツ モンベルルーム
35.6556632,139.7924528,さかいやスポーツ キャンプ&クライミング館
35.6804171,139.8157855,さかいやスポーツ ウェア館
35.6752708,139.8403483,ZOY Premier(ゾーイ プレミア) 新丸の内ビルディング店
35.687935,139.8018684,Heal Creek & MUNITALP(ヒール クリーク アンド ムニタルプ) 大丸東京店
35.6890096,139.8122628,ビームス ゴルフ 大丸東京店
35.7012471,139.8245121,さかいやスポーツ シューズ館
35.69628,139.8241889,ラウレア 西銀座店
35.6941513,139.8248188,Bridgestone Golf Garden Tokyo(ブリヂストン ゴルフ ガーデン トウキョウ)
35.6904406,139.840097,ラグビープラス カンタベリー 新丸の内ビルディング店
35.6551508,139.7930083,さかいやスポーツ エコープラザ
35.6247677,139.7758336,CW-X コンディショニングストア NISHIGINZA店
35.6902055,139.8152724,ホットヨガスタジオLAVA(ラバ) 秋葉原店
35.6556632,139.7924528,24/7Workout(ワークアウト) 秋葉原・神田店
35.6556632,139.7924528,NEUTRALWORKS.HIBIYA(ニュートラルワークスヒビヤ) 東京ミッドタウン日比谷店
35.6657625,139.8042811,THE JEXER TOKYO Annex(ジェクサー トウキョウ アネックス)
35.6556632,139.7924528,H.L.N.A STORE Ochanomizu(エイチエルエヌエー ストア オチャノミズ)
35.6556632,139.7924528,FUSO-SNOWBOARD(フソウ スノーボード) ギア館
35.6713944,139.7977518,GOLFTEC(ゴルフテック) 大手町店
35.6247677,139.7758336,Goldwin Marunouchi(ゴールドウィン丸の内)
35.6247677,139.7758336,メガロス 日比谷シャンテ店
35.6556632,139.7924528,上智大学真田堀運動場
35.6841357,139.8372619,Body Produce AXIS 大手町店
35.692941,139.8169883,BICI AMORE CYCLE JERSEY(ビチ アモーレ サイクル ジャージー) 外神田店
35.6501045,139.8227402,ヨガ教室ノア 秋葉原校
35.6717108,139.8357227,Run Pit by au Smart Sports(ランピット バイ エーユー スマート スポーツ)
35.6639072,139.8228943,SPORTS STATION Hibiya Park(スポーツ ステーション ヒビヤ パーク)
35.6247677,139.7758336,FUSO SKI&BOOTSTUNE(フソウ スキー アンド ブーツチューン)
35.6868906,139.8185333,Dr.stretch(ドクター ストレッチ) お茶の水店
35.6509422,139.8348931,FUSO-SNOWBOARD(フソウ スノーボード) ウエア&アクセ館
35.6980685,139.8291722,St ANDREWS(セント アンドリュース) 大丸東京店
35.6664123,139.8249801,Goldwin(ゴールドウィン) THE NORTH FACE神田店
35.6858688,139.7987018,adabat(アダバット) 大丸東京店
35.6760332,139.8180142,体育・スポーツ家庭教師ファースト 東京本社
35.6712161,139.7942554,BurnesStyle AKIHABARA(バーネススタイル アキハバラ)
35.6697733,139.815106,GOLF FUNP(ゴルフ ファンプ)
35.688989,139.8118288,Akiba Golf Studio(アキバゴルフスタジオ)
35.6660218,139.8247839,格闘技ジム アカデミア・アーザ
35.6769056,139.79508,finetrack HIBIYA HUT(ファイントラック ヒビヤ ハット)
35.6721169,139.7961247,RDC BASE(アールディーシー ベース) 神田小川町店
35.667393,139.8157055,Y personal training gym(ワイ パーソナル トレーニング ジム) ワイジム
35.6490612,139.8300149,ACN GOLF RANGE(エーシーエヌ ゴルフ レンジ) 水道橋
35.6247677,139.7758336,STEPGOLF PREMIUM YURAKUCHO(ステップゴルフ プレミアム ユウラクチョウ) 東京交通会館店
35.6706018,139.8412502,MTX ACADEMY(アカデミー)
35.6877345,139.8155756,キャピタルゴルフレンジ
35.6378457,139.7883856,FUSO DREAM(フソウ ドリーム)工房 大丸東京店
35.7005844,139.82314,石井スポーツ 大丸東京店
35.6556632,139.7924528,BEAMS&WINDS(ビームス アンド ウインズ) 有楽町
35.6917515,139.8207716,studio Body Link(スタジオ ボディ リンク)
35.6566048,139.792988,AirFly TOKYO(エアフライ トウキョウ)
35.6378457,139.7883856,WISE 1 GOLF SQUARE(ワイズワン ゴルフ スクエア) 市ヶ谷店
35.6667112,139.8040127,パーソナルトレーニングジムREAL WORKOUT(リアルワークアウト) 秋葉原・神田店
35.6879413,139.7998006,永田町パーソナルジムObito(オビト)
35.6706231,139.8135748,LoungeRange(ラウンジレンジ) 神保町
35.6165489,139.7789145,Apple GYM(アップルジム) 神田店
35.6734554,139.7951658,Apple GYM(アップルジム) 秋葉原店
35.665584,139.8046592,ゴルフパフォーマンス 神田店
35.6701472,139.8192927,ゴルフパフォーマンス 秋葉原店
35.6435508,139.8207616,パーソナルトレーニングジム ティーバランス秋葉原店
35.6962373,139.823055,メビウスフィットネス
35.6247677,139.7758336,スノーボードショップ MDS
35.6731551,139.8199685,株式会社本間ゴルフ神田店
35.692941,139.8169883,ワンゲルスポーツ
35.6986693,139.8271675,THESUNS
35.6892455,139.831215,極真会館飯田橋道場
35.6555387,139.8089648,THE PERSONAL GYM(ザ パーソナル ジム) 秋葉原
35.6660765,139.8071305,The Golf House御茶ノ水
35.6861921,139.7978737,Pilates Mee(ピラティスミー) 浅草橋店
35.6716681,139.8322044,パーソナルジムVIBRUN(ヴィーブラン) 神田店
35.6743243,139.7942633,HYPERION GOLF STUDIO(ヒューぺリオン ゴルフ スタジオ) 麹町店
35.6732945,139.8160352,クラヴマガ・ジャパン 市ヶ谷トレーニングセンター
35.6716681,139.8322044,千代田区立スポーツセンター弓道場
35.6886805,139.8266947,セントラルスポーツジム24三番町
35.6846867,139.8395671,Fitness Lounge THE JEXER TOKYO
35.6716467,139.7983718,PHOENIXキックボクシング&ムエタイジム
35.6425061,139.8044968,フィットネスショップ水道橋店
35.6798921,139.8029972,山田吉邦弓具店
35.6906792,139.8146981,アナライズ神田スタジオ
35.6901459,139.8146085,村井スポーツ株式会社
35.646727,139.802959,リバティ
35.6970328,139.8291961,トレードウインドマリーン
35.6383115,139.7916499,フレンドシップカントリークラブ
35.6383115,139.7916499,スノーボードショップ SELECT
35.6383115,139.7916499,東京YWCA(公益財団法人)フィットネスワオ
35.6383115,139.7916499,ヒワラニ
35.6383115,139.7916499,スポーツオーパ、ハング・パラスクール
35.6383115,139.7916499,レックゴルフスクール水道橋
35.6383115,139.7916499,N・Sゴルフスクール秋葉原スタジオ
35.6383115,139.7916499,加圧リハビット
35.6383115,139.7916499,インドアゴルフ坂の上
35.6977655,139.8264978,フィッシャーチューニングベーストウキョウ
35.6977655,139.8264978,スリースターゴルフスタジオ
35.6977655,139.8264978,東京ナビゲーション
35.6825292,139.8256137,ロンドンスポーツ神田テラス店
35.665144,139.8352129,パーソナルスタジオBee
35.665144,139.8352129,バドミントンショップウエンブレー秋葉原店
35.665144,139.8352129,BoogieWonderFitnessClub.
35.6726452,139.8352532,ゴルフ医科学研究所
35.6726452,139.8352532,日本武道館(公益財団法人) 当日行事の問い合せ
35.6726452,139.8352532,わたしのゴルフ水道橋店
35.6726452,139.8352532,GymSecureBase
35.6726452,139.8352532,TOKYOSPINEBOX
35.6726452,139.8352532,BaffyGolf
35.6726452,139.8352532,ビヨンド(BEYOND)四ツ谷麹町店
35.6726452,139.8352532,PlusOne秋葉原店
35.6883125,139.8171544,テーラーメイド 銀座
35.6875728,139.8355128,中央区総合スポーツセンター
35.6665566,139.8160339,Onitsuka Tiger GINZA(オニツカタイガー銀座)
35.6850922,139.8015377,New Balance GINZA(ニューバランス銀座)
35.6571189,139.8342615,FEELCYCLE(フィールサイクル) 銀座店
35.6895312,139.8473683,ゴールドジム 銀座東京
35.6726452,139.8352532,パタゴニア 東京・京橋
35.6897397,139.795825,ASICS TOKYO GINZA(アシックス東京銀座)
35.6247313,139.7789958,Onitsuka Tiger GINZA RED CONCEPT STORE(オニツカタイガー銀座レッドコンセプトストア)
35.6306738,139.8376438,月島スポーツプラザ
35.6999204,139.8385014,Nike Ginza(ナイキ銀座)
35.6895312,139.8473683,FEELCYCLE(フィールサイクル) 銀座京橋
35.6481292,139.813325,jump one Ginza.4(ジャンプ ワン ギンザフォー)
35.6571189,139.8342615,On Flagship Store Tokyo Ginza(オンフラッグシップストア東京銀座)
35.6501631,139.8233886,ゴールドジム 銀座中央
35.6988774,139.8381815,ゴルフパートナー 日本橋室町店
35.6348541,139.7875434,つるやゴルフ 八重洲店
35.690833,139.8425901,ゴルフパートナー 宝町昭和通り店
35.68923,139.8309456,中央区立晴海運動場
35.6828257,139.8150561,ととけん
35.6959137,139.8304354,京華スクエア
35.6791877,139.8407056,ホットヨガスタジオLAVA(ラバ) 銀座本店
35.6481165,139.8105899,豊海テニス場
35.6977655,139.8264978,カルドGINZA9
35.6977655,139.8264978,Dr.(ドクター)ストレッチ ヤエチカ店
35.6986991,139.8301819,PLA YGROUND(プレイ グラウンド) 銀座
35.6949641,139.8268533,フィットネススタジオ サーフフィット 銀座本店
35.6859909,139.8055215,ダイビングスクール マレア東京
35.6835069,139.8147474,桜川ゲートボール場
35.6792214,139.8394971,パパラギダイビングスクール東京
35.6705906,139.794216,FASTGYM24 築地店
35.6790677,139.8226548,FASTGYM24 人形町店
35.6890568,139.8363087,FASTGYM24 八丁堀店
35.6703658,139.7990074,エニタイムフィットネス 日本橋本町店
35.6906339,139.8259978,エニタイムフィットネス 日本橋馬喰町店
35.646784,139.8011591,エニタイムフィットネス 八丁堀店
35.6885827,139.8277328,エニタイムフィットネス 東銀座店
35.6768796,139.7951988,エニタイムフィットネス 日本橋浜町店
35.6614118,139.8293635,chocoZAP(チョコザップ) 入船一丁目
35.6673315,139.8079723,chocoZAP(チョコザップ) 中央晴海
35.6521213,139.7980825,chocoZAP(チョコザップ) 日本橋小網町
35.6494934,139.7930787,chocoZAP(チョコザップ) 新富町
35.6957172,139.8345982,chocoZAP(チョコザップ) 八丁堀
35.6706366,139.7943767,chocoZAP(チョコザップ) 馬喰横山
35.6690966,139.8184833,chocoZAP(チョコザップ) 水天宮前
35.6689312,139.8039662,アディダス ブランドコアストア 銀座
35.6717445,139.7179929,PGG GINZA SIX店
35.6683762,139.7398527,Onitsuka Tiger GINZA YELLOW CONCEPT STORE(オニツカタイガー銀座イエローコンセプトストア)
35.668071,139.7159973,A.P.C. GOLF(アー ペー セー ゴルフ) GINZA SIX店
35.6676378,139.7179302,CRONOS(クロノス) GINZA SIX店
35.627534,139.7366216,chocoZAP(チョコザップ) 銀座ファイブ
35.6466245,139.7516922,ファストジム24八丁堀店
35.6613226,139.7452043,ファストジム24人形町店
35.6726295,139.7197499,ファストジム24築地店
35.6376215,139.7586525,svaha(スヴァーハ)
35.6274361,139.7563428,STUDIO TOU(スタジオ トゥーユー) 東京銀座
35.6629314,139.7613181,Bforce Golf Range(ビーフォース ゴルフ レンジ)
35.6676509,139.7588682,YA-MAN the store GINZA(ヤーマンザストア銀座)
35.6749018,139.7357243,WellU Studio Ginza(ウェル スタジオ ギンザ) GinzaNovo店
35.6341293,139.7466945,TFW49(フォーティーナイン) GINZA SIX店
35.6616938,139.729851,晴海indoorカントリークラブ
35.655992,139.7493664,CPG GOLF(ゴルフ)銀座
35.6524599,139.7277698,G/FORE(フォア) GINZA SIX店
35.6689763,139.7185644,FitLAnd TOKYO DOME(フィットランド東京ドーム)
35.6579085,139.7545267,zen place pilates(ゼン プレイス ピラティス) 八重洲スタジオ
35.6684142,139.7561238,Campo Real Madrid(カンポ レアル マドリード)
35.6524599,139.7277698,正心道空手 勝どき道場
35.626711,139.750673,エクササイズコーチ ヤエチカ店
35.6708471,139.7176262,ウエルネス ハブストア トキョウ NISHIGINZA店
35.674707,139.7314745,BEAT PILATES(ビートピラティス) 小伝馬町店
35.6566904,139.7530095,zen place pilates(ゼン プレイス ピラティス) 銀座二丁目
35.6560867,139.7349152,TOKYO WHEELS Tokyo(トウキョウ ウィールズ トウキョウ)
35.6644776,139.7306343,PACEFIT(パーチェフィット)
35.6615892,139.7230972,パーソナルジムWELL-FIT(ウェルフィット) 月島店
35.6662082,139.757524,ホットヨガスタジオLAVA(ラバ) 月島店
35.6637977,139.7463203,ミットネス 銀座店
35.6582132,139.7588792,Run boys! Run girls!(ラン ボーイズ ラン ガールズ)
35.6475629,139.7470547,ライザップ 汐留店
35.6713224,139.7352054,GOLFTEC(ゴルフテック) 銀座ANNEX店
35.6545421,139.7435901,ファイテンショップ 銀座店
35.637048,139.7471475,ライザップ 銀座店
35.6406829,139.7412902,東急スポーツオアシス聖路加ガーデン店
35.6652987,139.7512453,SKY GOLF SCHOOL(スカイ ゴルフ スクール)
35.6569426,139.7379396,PRGR GINZA(プロギア ギンザ)
35.6691976,139.7500491,パーソナルジム TRAINEES(トレーニーズ) 八丁堀・茅場町スタジオ
35.6621046,139.7364068,UNDEUX SUPERBODY(アンドゥ スーパーボディ) 銀座seven店
35.6642596,139.756543,亀田京橋スポーツ医科学センター 東京スクエアガーデン店
35.6474808,139.7243699,パーソナルジム TRALIA(トラリア) 水天宮前店
35.6476166,139.7360636,ホットヨガスタジオLAVA(ラバ) ギンザグラッセ店
35.6528225,139.7522242,Fit Bit(フィット ビット) 月島店
35.6546652,139.7345868,乗馬サロン ピアッフェ 日本橋三越本店
35.6578257,139.7183959,フィットネス&スパNAS(ナス) リバーシティ21
35.661156,139.7151922,M・Uスポーツ 高島屋東京店
35.6734978,139.7371538,PREMIUM LIFE FITNESS(プレミアム ライフ フィットネス) 東銀座店
35.6666189,139.728221,ライザップゴルフ 日本橋店
35.6542303,139.7356046,the HOUSE(ザ ハウス) GINZA SIX店
35.6542303,139.7356046,Munsingwear CLUBHOUSE GINZA(マンシングウェア クラブハウス ギンザ)
35.6569961,139.7587391,adabat(アダバット) 日本橋タカシマヤ店
35.660601,139.7388776,櫻井ゴルフスタジオ
35.6618885,139.7288831,アンパスィ 日本橋高島屋店
35.6721198,139.7391471,lululemon(ルルレモン) GINZA SIX店
35.6684514,139.7560198,美健LABO(ラボ) フィットネス館
35.648956,139.745856,ZOY(ゾーイ) 日本橋高島屋店
35.6648867,139.7624926,スポーツクラブNAS 勝どき
35.6710269,139.7263004,NEUTRALWORKS. NIHOMBASHI(ニュートラルワークス ニホンバシ) 日本橋高島屋S.C.店
35.6670495,139.7610399,LANVIN COLLECTION(ランバン コレクション) 高島屋日本橋店
35.6678679,139.757753,Munsingewear(マンシングウェア) 高島屋東京
35.6605344,139.7299686,Colantotte(コラントッテ) 日本橋タカシマヤ店
35.6271646,139.7405341,MASTER BUNNY(マスター バニー) 日本橋高島屋店
35.6580813,139.7515077,パーリーゲイツ 日本橋高島屋S.C.店
35.6703706,139.750097,フォックスファイヤー 日本橋高島屋S.C.店
35.6429673,139.7419811,ミズノ 日本橋高島屋S.C.店
35.6610231,139.7543904,CW-X 日本橋タカシマヤ
35.6522565,139.7339482,MBT 日本橋高島屋S.C.店
35.6518674,139.7536636,シェルボ 高島屋日本橋店
35.6619741,139.7312142,ブラック&ホワイト 日本橋高島屋S.C.店
35.6713152,139.7172807,FiNC Fit(フィンクフィット) 銀座店
35.6650636,139.7350258,CREBIQ(クレビック) 東京日本橋店
35.6557081,139.7350857,ヨガ教室ノア 銀座校
35.659614,139.730832,suria(スリア) 銀座店
35.6607397,139.7292319,Rugby Online TOKYO(ラグビー オンライン トウキョウ)
35.6609166,139.7405604,ヴィクトリアゴルフプレミアム 日本橋三越店
35.627819,139.773568,Luxool(ラグール)銀座
35.6615333,139.7296139,TRY Fitness & Sports Space(トライ フィットネス アンド スポーツ スペース)
35.6605344,139.7299686,エクササイズコーチ 銀座店
35.627819,139.773568,RDC GYM(アールディーシージム)
35.6552922,139.7361052,EXPA(エクスパ) 銀座店
35.67495,139.7376922,有限会社ビッグ・バンダンス館
35.6727044,139.7376222,SALUTEM GYM & STRETCH(ソルテム ジム アンド ストレッチ)
35.668052,139.7588506,BODY CONTROL(ボディ コントロール) 水天宮スタジオ
35.6609166,139.7405604,Dr.stretch(ドクターストレッチ) 月島店
35.6467066,139.7312242,三越カルチャーサロン
35.668071,139.7159973,BurnesStyle GINZA(バーネススタイル ギンザ)
35.646711,139.745692,adabat(アダバット) 日本橋三越本店
35.6274361,139.7563428,1on1 YOGA(ワンオンワン ヨガ) 銀座
35.6671188,139.7137658,アンリ アンド ベベ 西銀座店
35.6720894,139.7358788,ダブルイーグル銀座
35.6656902,139.7136632,PRGR GINZA EX(プロギア ギンザ イーエックス)
35.6663182,139.760631,GYM CLOUD(ジム クラウド) 松屋銀座店
35.6711044,139.7409616,Lani Garden(ラニ ガーデン)
35.6318698,139.7317331,ミズノ ヤエチカ店
35.6698026,139.752032,ストレッチ専門店Dr.ストレッチ(ドクター ストレッチ) 銀座一丁目店
35.655061,139.7367332,パーソナルジムASPI(アスピ)銀座有楽町店
35.6760454,139.7367421,トレーナーズ 西銀座店
35.6668899,139.7313539,Bios(ビオス) 銀座築地店
35.6624617,139.7121699,Bios(ビオス) 人形町店
35.6345862,139.739177,東日本橋シミュレーションゴルフ
35.6348851,139.7394808,JIKUBUREBU(ジクブレブ)
35.6696587,139.723911,パーソナルトレーニングジム JOHNNY STYLE(ジョニー スタイル) 銀座店
35.6585805,139.7454329,オビフィットネス
35.6563018,139.754367,CREBIQ(クレビック)銀座店
35.665549,139.7287744,eviGym(エビジム) 銀座3rd店
35.6708471,139.7176262,eviGym(エビジム) 銀座店
35.6319372,139.7379589,プライベートパーソナルトレーニングジム ゴーズジム 銀座店
35.6734978,139.7371538,Apple GYM(アップルジム) 人形町店
35.6618673,139.7367808,Apple GYM(アップルジム) 銀座店
35.6724726,139.717734,パーソナルトレーニングジム ティーバランス銀座店
35.6674626,139.7296976,DEED(ディード) 東銀座・築地店
35.6578625,139.7452094,キセキ 銀座店
35.66669,139.7443359,Wolf's Lair Gym Ginza(ウルフズ レイヤー ジム ギンザ)
35.665549,139.7287744,The Golf House京橋八丁堀
35.6743546,139.7361035,Pilates Mee(ピラティスミー) 築地店
35.6324899,139.743003,パーソナルビューティージム 勝どき・晴海店
35.6511436,139.7233523,GOLFERS(ゴルファーズ)24 日本橋馬喰町店
35.6685901,139.7289941,リボーンマイセルフ 東京店
35.627819,139.773568,ワウディーTOKYO
35.6290584,139.7759965,株式会社銀座ゴルフ商会
35.6770725,139.7362632,富士ヘルスアンドカントリークラブ
35.6708471,139.7176262,ゴルフショップ・ニチレイ
35.6564722,139.7348476,十思スクエア
35.6599326,139.7403501,セントラルフィットネスクラブ24月島・佃
35.6386383,139.7270526,ARM TOKYO(エー アール エム トウキョウ)
35.6750958,139.7325213,b-monster銀座スタジオ
35.6547303,139.7352328,ゴルフ5 プレステージ日本橋店
35.6444405,139.7520439,チョコザップ銀座ファイブ店
35.6542303,139.7356046,Pilates isM 銀座ファイブ店
35.6363846,139.7232426,月島運動場
35.6689707,139.7411284,ライザップ銀座(女性専用)店
35.6550115,139.734467,NAS PILATES ON the GOリバーシティ21店
35.6640968,139.7346259,Premium Sports Club NAS Ginza
35.6672621,139.7597373,LM-GINZA
35.6663846,139.7606358,ライラプス東京北星ジム
35.6310128,139.7791472,HEALCREEK日本橋三越
35.6646397,139.7430889,有限会社田中運動具店
35.662837,139.7499189,SPORTSINSYNC.
35.6528503,139.7249685,クレイジー銀座本店
35.6621643,139.7292076,TRTゴルフスクール
35.6499576,139.7466466,アスリーダーズ銀座本店
35.6680761,139.7167084,クニトミダイビングスクール
35.6536398,139.7365061,マレア東京
35.6701131,139.7347165,空手之道世界連盟(NPO法人)
35.6625759,139.716313,ベイリズム勝どき
35.6661525,139.7137259,合気道錬身会
35.6532865,139.751743,キックボクシングジムFAITH
35.6582373,139.7228635,UNDEUX銀座スタジオ
35.6552862,139.7230385,ムータマリンゴルフ
35.6633051,139.7318334,スツールズ(STOOLS)日本橋高島屋SC店
35.6709143,139.7407137,EUROSPORTSTOKYO
35.6477385,139.7418459,ストレッチジムパートナーズ
35.6392209,139.7398972,わたしのゴルフ日本橋蛎殻町店
35.6466091,139.7398468,Gスタジオ&合田洋ゴルフクリニック
35.6571722,139.7384588,わたしのゴルフ築地店
35.6622271,139.7351642,オンズマリネットAmazon店
35.6633241,139.7362476,わたしのゴルフ東日本橋店
35.6621046,139.7364068,OYG
35.6693873,139.7474657,アローズラボ&アローズジム日本橋三越本店
35.67012,139.7297732,江戸日本橋ゴルフレンジ
35.6668899,139.7313539,秩父宮ラグビー場
35.6565968,139.7406617,ゴルフパートナー 赤坂六本木通り店
35.6620817,139.7512229,ヴィクトリアゴルフ 青山店
35.6629395,139.7612147,スキーショップジロー
35.6600777,139.7283208,品川プリンスホテル高輪テニスセンター
35.6680761,139.7167084,港区スポーツセンター
35.6764927,139.7357343,芝給水所公園運動場多目的運動広場
35.6600292,139.7137831,明治神宮外苑テニスクラブ
35.6650155,139.7324232,芝浦南ふ頭公園運動広場(かいがんぱ-く)
35.6779289,139.7342219,ロッキーボルダリングクラブ 品川
35.6676948,139.7598771,FEELCYCLE(フィールサイクル) 汐留
35.6576127,139.7228934,YONEX TOKYO SHOWROOM(ヨネックス東京ショールーム)
35.662905,139.7532091,ホットヨガスタジオLAVA(ラバ) 赤坂店
35.6563015,139.7383018,芝浦中央公園運動場
35.6768297,139.7352952,ルルレモン 六本木ヒルズ店
35.6705777,139.7497557,芝公園軟式野球場
35.6563711,139.7336089,麻布運動場軟式野球場
35.6758838,139.7356245,青山運動場
35.6452686,139.7586337,ゴルフパートナー フェスティバルゴルフ浜松町店
35.630966,139.7480452,ゴルフパートナー 新橋日比谷口店
35.6615333,139.7296139,港区立 麻布運動場
35.6622048,139.7474037,文武一道塾 志道館 港南道場
35.631258,139.7379008,ミズノショップ神宮外苑
35.6474259,139.7474833,健康増進センター(ヘルシーナ)
35.6635187,139.713686,ワールドツアープランナーズ
35.6691366,139.7166803,zen place pilates(ゼン プレイス ピラティス) 麻布十番
35.6632642,139.7144142,Polish(ポリッシュ) 六本木スタジオ
35.6674889,139.7278419,西麻布ゴルフ倶楽部
35.6554749,139.7432685,ザ ダイブファクトリー東京店
35.6739347,139.7367421,アクアヴィット
35.657314,139.7414424,エニタイムフィットネス 浜松町汐留店
35.6562256,139.7333097,エニタイムフィットネス 田町店
35.6515541,139.7443217,エニタイムフィットネス 赤坂店
35.6506276,139.7455838,エニタイムフィットネス 三田店
35.6634299,139.7345968,エニタイムフィットネス 芝浦店
35.6691044,139.7163025,エニタイムフィットネス 泉岳寺駅前店
35.6636806,139.711596,エニタイムフィットネス 虎ノ門店
35.6634781,139.7342475,エニタイムフィットネス 麻布十番店
35.6643708,139.737098,エニタイムフィットネス 虎ノ門駅前店
35.6426363,139.7477995,エニタイムフィットネス 六本木店
35.6467557,139.7446009,エニタイムフィットネス 新橋店
35.651567,139.7505986,エニタイムフィットネス 広尾店
35.6540984,139.7353651,エニタイムフィットネス 南麻布2丁目店
35.6485173,139.7359838,エニタイムフィットネス 芝浜松町店
35.6497009,139.7517454,JOYFIT24 麻布十番 | 24時間営業フィットネスジム
35.6751923,139.7365825,JOYFIT24 南青山 | 24時間営業フィットネスジム
35.6549228,139.7350059,ゴールドジム 南青山東京
35.6674563,139.7558919,JOYFIT24 赤坂 | 24時間営業フィットネスジム
35.6693512,139.7177431,JOYFIT24乃木坂
35.6724288,139.738678,JOYFIT24 麻布十番ANNEX | 24時間営業フィットネスジム
35.6633344,139.7104451,JOYFIT 麻布十番
35.6660697,139.7338684,ゴールドジム 浜松町東京
35.6528599,139.7519116,chocoZAP(チョコザップ) 麻布台三丁目
35.6557081,139.7350857,chocoZAP(チョコザップ) 六本木
35.647809,139.7432623,chocoZAP(チョコザップ) 赤坂二丁目
35.6444402,139.7438872,chocoZAP(チョコザップ) 新橋
35.6447581,139.7354761,chocoZAP(チョコザップ) 芝五丁目
35.6604819,139.7228934,chocoZAP(チョコザップ) カレッタ汐留
35.6479961,139.7464283,chocoZAP(チョコザップ) 青山一丁目
35.6631047,139.7153119,chocoZAP(チョコザップ) 銀座中央通
35.6536524,139.7350358,ヴィクトリアゴルフ 新橋日比谷口店
35.6643816,139.7314936,ブリーフィング 六本木ヒルズ店
35.6674254,139.7151324,サウスゴルフアカデミー
35.6419142,139.755252,chocoZAP(チョコザップ) 白金六丁目
35.655992,139.7493664,chocoZAP(チョコザップ) 虎ノ門
35.6646202,139.7399553,chocoZAP(チョコザップ) 泉岳寺
35.6678679,139.757753,chocoZAP(チョコザップ) 御成門
35.627534,139.7366216,chocoZAP(チョコザップ) 南麻布一丁目
35.6697663,139.7375473,chocoZAP(チョコザップ) 芝二丁目
35.67341,139.7173417,ティップネス六本木
35.6538817,139.7375452,B.E.A.T(ビート)外苑前
35.6470974,139.7457254,BEYOND(ビヨンド) 六本木店
35.6559605,139.7628777,StretchLab(ストレッチラボ) 麻布十番
35.6341293,139.7466945,HOKA Roppongi(ホカ六本木)
35.6689763,139.7185644,ディー・エヌ・エー ゴルフレンジ 六本木ヒルズ店
35.6399484,139.7519238,ルルレモン 麻布台ヒルズ店
35.6556576,139.7627621,プーマストア アクアシティお台場店
35.6710172,139.7268043,ヴィクトリアゴルフ 六本木ヒルズ店
35.6586321,139.7545866,Heal Creek(ヒール クリーク) 六本木ヒルズ店
35.6397446,139.7227238,オークリーストア アクアシティお台場店
35.667723,139.7530245,ピラティススタジオlamp(ランプ)
35.6625522,139.7557777,zen place pilates(ゼン プレイス ピラティス) 赤坂スタジオ
35.6688279,139.7529576,JGMゴルフクラブ 赤坂スタジオ
35.6482092,139.7353052,YONEX FITTING STUDIO TOKYO(ヨネックスフィッティングスタジオ東京)
35.6499738,139.7569365,Deportare Club(デポルターレ クラブ) 麻布台ヒルズ店
35.6676378,139.7179302,マシンピラティススタジオ CREA(クレア) 白金高輪店
35.6526959,139.7328036,STEPGOLF PREMIUM FITTINGSTUDIO MINAMI-AOYAMA(ステップゴルフプレミアムフィッティングスタジオ南青山ゴルフスクール)
35.6675803,139.7602027,jump one Tamachi(ジャンプ ワン タマチ)
35.6600414,139.7449283,Golfit(ゴルフィット)
35.6671424,139.7549363,Sky Pilates Tokyo(スカイ ピラティス トウキョウ) 表参道駅前店
35.6463041,139.7532823,FEELCYCLE AKS(フィールサイクル アカサカ)店
35.641745,139.7236974,FEELCYCLE OMS(フィールサイクル オモテサンドウ)店
35.6529235,139.7278769,JYPER'S(ジーパーズ) 新橋店
35.627534,139.7366216,PRGR AKASAKA(プロギア アカサカ)
35.6499377,139.7371162,荒川自然公園運動場
35.6472115,139.7438027,ballesonance Tokyo Baleet Studio(バレゾナンス トウキョウ バレエ スタジオ) 品川高輪教室
35.6482437,139.746529,The Premium Backstage(ザ プレミアム バックステージ) 虎ノ門
35.6498862,139.7315344,HASH BUFF(ハッシュ バフ) 麻布十番店
35.6558618,139.7363629,JAPAN TOP TEAM(ジャパン トップ チーム)
35.6412273,139.7523556,ZERO HALLIBURTON GOLF(ゼロ ハリバートン ゴルフ) 東京ミッドタウン店
35.6726898,139.7263254,MARK & LONA(マーク アンド ロナ) 青山店
35.6412273,139.7523556,HOKA NEWoMan Takanawa(ホカ ニュウマン タカナワ)
35.6657476,139.7145624,ミズノショップ ニュウマン高輪
35.6528503,139.7249685,SUGATA(スガタ) 青山店
35.6566133,139.7336987,TOKYO TOWER PICKLEBALL FRIENDSHIP(東京タワーピックルボールフレンドシップ)
35.6482316,139.7250048,つるやゴルフ 芝大門店
35.6535872,139.7348063,Magma spastudio insea(マグマスパスタジオインシー) 六本木店
35.6560447,139.7367118,CANTERBURY AOYAMA(カンタベリー アオヤマ)
35.6665509,139.7543171,ライザップ 品川店
35.6428181,139.7498296,JOYFIT(ジョイフィット)24 赤坂店
35.6589193,139.7229386,ライザップ 六本木店
35.6655046,139.7590337,東急スポーツオアシス青山店
35.6263678,139.736802,六本木nature body house(ネイチャーボディハウス)
35.6360687,139.7316993,芝公園 野球場兼競技場
35.6703637,139.7504743,オークラヘルスクラブ
35.6655046,139.7590337,サンクチュアリ 六本木店
35.6622489,139.7580835,ミットネス 赤坂店
35.6573774,139.7235149,RUN CUBE(ラン キューブ) 品川シーズンテラス
35.6500293,139.7453295,ストレッチ専門店Dr.(ドクター)ストレッチ 広尾店
35.6601476,139.7262906,JOHAN VOS SPORT SCHOOL(ヨハン ボス スポーツ スクール)
35.6549551,139.741021,アディダス ブランドコアストア アクアシティお台場店
35.6708745,139.7407938,クイックシルバーストア デックス東京ビーチ店
35.6385889,139.7227496,ゴルフスタジオZAMET(ザメット) インドアレッスン赤坂
35.6468413,139.7466115,ビタミンGOLF(ゴルフ)
35.6576097,139.7406011,オレンジセオリーフィットネス 麻布十番
35.6422784,139.7220656,ワールドウィング麻布
35.6517474,139.7473664,ボディバランシング 白金台
35.6676207,139.7567242,プレミアムゴルフアカデミー 赤坂
35.6627611,139.7181768,メガロスルフレ麻布十番
35.6620512,139.7524045,ファイトフィット 田町芝浦
35.6442565,139.7352122,JOYFIT+(ジョイフィットプラス) 麻布十番
35.6675803,139.7602027,メガロス 白金台
35.6612787,139.7259063,エースゴルフクラブ赤坂
35.6620468,139.7233523,美コア東京スタジオ POWERED BY Reebok(パワード バイ リーボック)
35.6650294,139.7155558,GOLFTEC by GDO(ゴルフテック バイ ジーディーオー) 六本木店
35.6722305,139.7397607,HONMA GOLF(ホンマ ゴルフ) 新橋銀座口店
35.6716415,139.7383273,ゴルフガレージ 新橋銀座口店
35.6452686,139.7586337,ダイネーゼ台場
35.6554521,139.7440801,The Premier Club(ザ プリミア クラブ)
35.6700726,139.7180319,フィジオセンター
35.6415592,139.7194018,広尾ゴルフインパクト
35.6734349,139.7204992,BODY ARCHI(ボディアーキ) 六本木店
35.6674867,139.6989013,アコーディア・ガーデン 南青山
35.679095,139.7112453,トーマス体操スクール 麻布校
35.6862356,139.699321,SIXPAD STATION(シックスパッド ステーション) 赤坂
35.6674867,139.6989013,セントラルフィットネスクラブ 南青山
35.6597266,139.710769,FACE LIFT GYM(フェイス リフト ジム) 青山店
35.6598613,139.6992975,ASSOS PROSHOP TOKYO(アソス プロショップ トーキョー)
35.6683048,139.7079841,皆思道場
35.6685748,139.7040213,アルチビオ 広尾店
35.6662206,139.7060158,Relaxation Hot Studio & Spa CHANDA(リラクゼーション ホット スタジオ アンド スパ チャンダ)
35.6674867,139.6989013,TRI-FORCE(トライフォース)赤坂
35.6756488,139.6812456,キックボクシングジムRIKIX(リキックス) 三田GONZ店
35.6687078,139.7125233,ヤマハゴルフスタジオ高輪
35.6669395,139.6943282,ロコムーブ
35.6597266,139.710769,BEYOND(ビヨンド) 麻布十番店
35.6608129,139.6998726,Dr.stretch(ドクターストレッチ) 六本木店
35.6558444,139.7016987,Sanitas(サニタス) 六本木店
35.6701654,139.7069892,データフィットネス六本木
35.6838977,139.6855938,StudioFit(スタジオフィット)
35.6625156,139.6987557,Functional training gym NEXUS(ファンクショナル トレーニング ジム ネクサス) 赤坂店
35.6652308,139.7035725,Dr.(ドクター)ストレッチ 東京ミッドタウン店
35.6610373,139.7004311,CoCoDakara Body Design(ココダカラ ボディー デザイン) 麻布十番店
35.6694668,139.6807104,Majesty -onarimon club-(マジェスティ オナリモン クラブ)
35.6674867,139.6989013,水月スパ&フィットネス
35.6578139,139.6913368,NAGOMI(ナゴミ) スパ アンド フィットネス
35.6714237,139.7058145,Sky Pilates Tokyo(スカイ ピラティス トウキョウ)
35.6689594,139.7049787,パーソナルジムLOOKSLIKE 赤坂見附 BLUE(パーソナルジム ルックスライク アカサカミツケ ブルー)
35.6693856,139.7063069,Women's Studio Flugel(ウーマンズ スタジオ フリューゲル) 表参道スタジオ
35.6471941,139.7116811,Women's Studio Flugel(ウーマンズ スタジオ フリューゲル) 六本木スタジオ
35.6663973,139.701189,StrategicGym89(ストラテジックジムエイトナイン)
35.655188,139.7010712,24/7(トゥエンティーフォーセブン)ワークアウト 新橋・銀座店
35.6462509,139.715878,HYPhysio. Lab.(ハイフィジオ ラボ) パーソナルジム・鍼灸
35.6502678,139.712605,Bios(ビオス) 西新橋店
35.6772492,139.7119604,Bios(ビオス) 麻布十番店
35.6515085,139.7055671,GOLFERS24(ゴルファーズ) 赤坂店
35.6628481,139.700682,SWING MADE GOLF STUDIO(スウィング メイド ゴルフ スタジオ)
35.6707367,139.7034229,ストレッチ専門店Dr.ストレッチ(ドクター ストレッチ) 麻布十番店
35.6664725,139.706185,ストレッチ専門店Dr.ストレッチ 赤坂店
35.6621246,139.7002453,Golf&Fitness Point(ゴルフアンドフィットネスポイント) 芝浦
35.6704775,139.7050984,ベイリズム品川
35.6690192,139.7081028,トータル・ワークアウト 六本木ヒルズ店
35.6599995,139.6959643,HILLS GOLF Academy(ヒルズ ゴルフ アカデミー)
35.6665006,139.6975192,CREBIQ(クレビック)品川店
35.6878409,139.7033431,パーソナルトレーニングジムREAL WORKOUT(リアルワークアウト) 三田・田町店
35.6601246,139.697579,Private Gym Dand.A(プライベ-ト ジム ダンドエ-) 表参道店
35.6657662,139.7096823,BETTER BODIES HI(ベター ボディーズ ハイ)
35.6594484,139.7010087,eviGym(エビジム) 表参道店
35.6734689,139.6843277,eviGym(エビジム) 六本木店
35.6511393,139.701401,Apple GYM(アップルジム) 麻布十番店
35.6486866,139.7039026,ゴルフパフォーマンス 赤坂店
35.6745967,139.670017,ゴルフパフォーマンス 六本木麻布店
35.6594085,139.7059062,パーソナルトレーニングジム ティーバランス麻布十番店
35.6823264,139.6847165,パーソナルトレーニングジム ティーバランス三田店
35.6745614,139.6688111,スイング24 三田店
35.6458931,139.7066542,加圧トレーニングジム アルター 六本木ルーム
35.6735425,139.6855141,パーソナルジムCHART(チャート) 表参道店
35.6699225,139.7132471,Studio Beaura(スタジオ ビューラ)
35.657108,139.7019654,ALTERR(アルター) 六本木ルーム
35.6747462,139.7105042,DEED(ディード) 六本木一丁目店
35.6521921,139.7130975,ビーユー 田町芝浦店
35.6813883,139.7033431,ビーユー 田町三田店
35.6777494,139.6775171,VitastileGolf(ヴィタスタイルゴルフ) 芝公園三田
35.6669883,139.710963,パーソナルマシンピラティスSAKURA(サクラ) 麻布十番店
35.6624488,139.7027846,THE PERSONAL GYM(ザ パーソナル ジム) 麻布十番店
35.6715893,139.690599,The Golf House三田・田町
35.6730574,139.6634164,VEATM GYM AKASAKA(ビートム ジム アカサカ) 24H
35.6706619,139.706727,VEATM GYM(ビートム ジム) 麻布十番
35.6573834,139.7042806,ゴルフアカデミー 新橋店
35.6738402,139.6660824,AtoZ(エートゥーゼット)
35.6823607,139.6886812,HYPERION GOLF STUDIO(ヒューペリオン ゴルフ スタジオ) 赤坂店
35.6785373,139.7100989,Apple GYM(アップルジム) 表参道店
35.6764581,139.6731526,パーソナルジムACTX(アクトス) 六本木店
35.6613652,139.6991945,芝公園卓球場プラス
35.6750497,139.6687841,LAGREE MICRO studio(ラグリー マイクロ スタジオ) 麻布十番
35.6777449,139.6775222,FAb fitness&beauty(エフエービー フィットネス アンド ビューティー)田町・三田・白金高輪店
35.6820165,139.6881276,CREBIQ(クレビック)田町・三田店
35.6640997,139.7025652,白金高輪パーソナルトレーニングジムObito(オビト)
35.6460227,139.7070169,HASH BUFF(ハッシュ バフ)
35.6853632,139.6990948,岩盤ピラティス&ホットヨガスタジオ WAYAN RESORT YOGA(ワヤン リゾート ヨガ)
35.662451,139.705904,PilatesAoyama(ピラティスアオヤマ)
35.6873014,139.6965186,麻布ボディメイキングボックス
35.6476387,139.7104137,パーソナルジム Woot! 六本木
35.6473784,139.7041011,b-monster 表参道スタジオ
35.6660605,139.6932114,埠頭少年野球場
35.6709429,139.6825191,芝公園テニスコート
35.6513645,139.7028644,エスフォルタ六本木
35.6464447,139.7071188,ヴィクトリアゴルフ新橋日比谷口店
35.6619707,139.703795,高輪ゴルフセンター
35.6584638,139.7022621,氷川武道場
35.672608,139.7102681,国立競技場東テニス場
35.6473111,139.7073152,新広尾公園投球場
35.6730184,139.7002877,ルネサンス田町・三田
35.672023,139.7100411,JEXER×NEXT BASE ATHLETES LAB アトレ竹芝店
35.6614887,139.7005798,芝浦中央公園運動場フットサル場
35.6572957,139.6977395,青山運動場軟式野球場
35.6514905,139.701169,NAS Wellness&Spa CLUB芝浦アイランド
35.6671578,139.6914366,JEXER×NEXT BASE ATHLETES LABアトレ竹芝店
35.6528706,139.7038019,エスフォルタ赤坂
35.6615867,139.7004778,有限会社田中運動具店
35.6614846,139.6985382,ゴルフエフォート白金台店
35.6657277,139.7028245,有限会社トラディショナルスポーツ
35.6620484,139.6987767,極真カラテ六本木・新橋道場
35.6682572,139.6979322,ゴルフエフォート新橋店
35.6701728,139.7140344,グリーンスポット
35.6583188,139.7006585,ゼロイン
35.6581085,139.6986263,ボッテガジロー
35.6756378,139.6840385,合気道麻布道場
35.6554038,139.7033232,全日本空手道一友会
35.6662207,139.7060159,日本拳法協会
35.6793153,139.680344,住地ゴルフスクール 新橋校
35.6641196,139.7034628,住地ゴルフスクール 田町校
35.6575325,139.6957103,スギプロダイビングスクール
35.6454367,139.7075718,東京ローンテニスクラブ(一般財団法人)
35.6445895,139.7084096,フミヤテニスシヨツプ
35.6613777,139.7049388,スポーツダイレクト
35.6700666,139.7085809,ワダスポーツ
35.6704774,139.6838192,デイフィット田町店
35.6689561,139.682264,加圧トレーニングスタジオバイタル(studioVital)
35.6471941,139.7116811,オズ-麻布
35.6738402,139.6660824,ボートライセンスミナモ
35.6618624,139.6970405,フェリーチェスポーツクラブ(一般社団法人)
35.6611567,139.6964376,tokyo・harbour・b.l.s.
35.6876335,139.7022399,BODYDirector
35.6493336,139.7228198,MyGym広尾校
35.6458645,139.7050319,スタジオボディデザイン
35.6673317,139.6883456,RTA
35.6598076,139.7025971,THEPOPEYEPersonalClub本店
35.6440857,139.7159104,麻布十番ストレッチ&ゴルフスタジオ
35.6684287,139.7076886,ゴルフジャパン新橋店
35.6683048,139.7079841,加圧スタジオB&B田町スタジオ
35.6712776,139.7031,TAKEITEASY
35.662702,139.7090957,JGMホールディングス
35.6493336,139.7228198,GO’sGYM
35.6471251,139.703024,R.Bゴルフ倶楽部高輪
35.676266,139.7124737,虎ノ門ゴルフプラザ
35.6611567,139.6964376,ジャパンゴルフマネージメント
35.6665215,139.7077688,D-MAXSTUDIO
35.6742824,139.6715079,ラッセルノラボ(RusselunoLABO)
35.6742838,139.6656971,ファイティングラボ田町
35.6659014,139.7061891,トレーニングジムメクスター
35.6744901,139.7055372,B-FIT・AZABU
35.6547827,139.7028509,ロングブレススタジオ
35.6802196,139.6821579,そらよんボルダリングジム
35.6879838,139.699015,R.Bゴルフ倶楽部田町
35.6609144,139.6977643,インターゴルフ工房
35.6602819,139.7053352,チュースショップ東京
35.6474987,139.7101405,THE・FITNESS芝
35.6718654,139.7124742,有賀園ゴルフ新橋TOKYO店
35.6462768,139.7047294,アルチザンパーソナルトレーニング
35.6739156,139.667232,VivaStudio
35.676266,139.7124737,サウスフィットネスクラブ事務局
35.6498149,139.7116015,日本空手道振興協会(一般財団法人)
35.6876335,139.7022399,パーソナルトレーニングジムメクスター代々木店
35.6555753,139.6959835,8GYM
35.6620484,139.6987767,リジュビネートピラティス(Re-JuvenatePilates)
35.6807119,139.7043502,マイゴルフレンジ
35.6674016,139.7049388,わたしのゴルフ赤坂店
35.6834245,139.7013213,SPORTSLABOSHIBAURA
35.6445895,139.7084096,パーソナルジムBemore麻布店
35.6680545,139.6784535,T-Fitness
35.6754525,139.7092275,キネティコスラボ(KinetikosLab)
35.6607261,139.7072898,国立競技場
35.6434015,139.7093507,明治神宮野球場(神宮球場)
35.6649344,139.7015669,明治神宮外苑アイススケート場
35.6657568,139.7052181,オリンピックスタジアム(新国立競技場)
35.6473784,139.7041011,Alpen TOKYO(アルペン トーキョー)
35.6660065,139.7056055,セレクション新宿ベースボール館
35.6682216,139.6820801,アートスポーツ 新宿東口ビックロ店
35.6597959,139.7027438,神宮第二球場
35.6652745,139.7023658,新宿スポーツセンター
35.6438974,139.7080705,大久保スポーツプラザ
35.6702858,139.683231,ヴィクトリアゴルフ 新宿店
35.6785876,139.7121882,エルブレス 新宿店
35.6485336,139.714504,明治神宮外苑 軟式グラウンド
35.6870471,139.6853147,Victoria(ヴィクトリア) 新宿店
35.6636968,139.7078758,ウインザーラケットショップ 新宿店
35.6524124,139.7044737,野球専門店 ベースマン 飯田橋本店
35.6692595,139.7086335,サッカーショップKAMO(カモ) 新宿店
35.6662206,139.7060158,東急スポーツオアシス 新宿24Plus店
35.6614887,139.7005798,FEELCYCLE SJK(フィールサイクル シンジュク)店
35.6501339,139.7090878,アルペンアウトドアーズフラッグシップストア新宿店
35.6522984,139.7053757,ZENゴルフ練習場
35.6425523,139.7141706,adidas Brand Core Store Shinjuku(アディダスブランドコアストア新宿)
35.6425766,139.7129383,jump one Shinjuku.East(ジャンプ ワン シンジュク イースト)
35.6609124,139.6968093,GENスポーツアカデミー
35.6486866,139.7039026,ホットヨガ&ナイトサーフィンLAVA(ラバ) 新宿東口店
35.6787298,139.6775984,合気道養神館道場
35.6698853,139.7090692,ティップネス東新宿24hours
35.6454367,139.7075718,ルネサンス新宿24
35.6454153,139.7073624,ワセダオートテニスプラザ
35.6725285,139.6686174,落合中央公園 庭球場
35.6824861,139.7077713,西戸山公園 野球場
35.6711626,139.6846766,西落合公園 庭球場
35.6470652,139.7080254,甘泉園公園 庭球場
35.6598008,139.6939393,ゴルフパートナー フェスティバルゴルフ新宿WING店
35.6595215,139.7060758,元気館
35.6543026,139.7138656,戸山多目的運動広場
35.676734,139.7059003,ダイビングスクール マレア新宿店
35.6619591,139.6998772,新宿ここ・から広場多目的運動広場
35.6455943,139.70775,北新宿多目的運動広場
35.6489959,139.710943,西落合公園 少年野球場
35.6574375,139.703494,mic21新宿店
35.6477389,139.7121001,ブルーサブ
35.6477389,139.7121001,パパラギダイビングスクール新宿
35.6649402,139.7022808,ゴルフパートナー 新宿センタービル店
35.6657369,139.7085765,ゴルフパートナー 新宿南口店
35.6454431,139.7166785,ゴルフパートナー B.B.パートナー神宮バッティングドーム店
35.6779453,139.6862653,エニタイムフィットネス 落合南長崎店
35.6504243,139.7048989,エニタイムフィットネス 東新宿店
35.6549958,139.6959713,エニタイムフィットネス 神楽坂店
35.64825,139.7016278,エニタイムフィットネス 早稲田店
35.6687962,139.6874596,エニタイムフィットネス 西新宿店
35.6466639,139.7146935,エニタイムフィットネス 中井店
35.6578669,139.707922,エニタイムフィットネス 曙橋店
35.660537,139.7049646,エニタイムフィットネス 新宿御苑前店
35.6507571,139.7034728,エニタイムフィットネス 大久保店
35.6555753,139.6959835,エニタイムフィットネス 新宿富久町店
35.6793763,139.7040013,エニタイムフィットネス 新宿ワシントンホテル店
35.678192,139.6861123,エニタイムフィットネス 市ケ谷店
35.6555756,139.7069318,JOYFIT24 神楽坂 | 24時間営業フィットネスジム
35.6808768,139.7006363,エニタイムフィットネス 飯田橋店
35.6555753,139.6959835,エニタイムフィットネス 高田馬場店
35.6617216,139.6974688,エニタイムフィットネス 新宿河田町店
35.679095,139.7112453,エニタイムフィットネス 神楽坂駅前店
35.6744481,139.6695023,エニタイムフィットネス 新宿靖国通り店
35.6627019,139.6993173,エニタイムフィットネス 落合店
35.6617216,139.6974688,JOYFIT24 目白 | 24時間営業フィットネスジム
35.6617216,139.6974688,JOYFIT24四谷
35.6617216,139.6974688,JOYFIT24 四谷 | 24時間営業フィットネスジム
35.6617216,139.6974688,chocoZAP(チョコザップ) 早稲田
35.6617216,139.6974688,chocoZAP(チョコザップ) 曙橋片町
35.6481994,139.7083378,chocoZAP(チョコザップ) 西新宿三丁目
35.65557,139.7048602,chocoZAP(チョコザップ) 新宿若松
35.6493336,139.7228198,chocoZAP(チョコザップ) 新宿三丁目
35.6632015,139.7018707,OSHMAN'S(オッシュマンズ) ルミネ新宿 ルミネ2店
35.6632015,139.7018707,B-FIT(ビーフィット) 西新宿本店
35.6632015,139.7018707,chocoZAP(チョコザップ) 四谷三丁目
35.6700371,139.6931498,chocoZAP(チョコザップ) 神楽坂
35.6646125,139.7027825,chocoZAP(チョコザップ) 初台
35.6642761,139.7027597,chocoZAP(チョコザップ) 大久保
35.6555319,139.705986,chocoZAP(チョコザップ) 西早稲田三丁目
35.6599204,139.7026051,chocoZAP(チョコザップ) 新宿御苑
35.6668273,139.6847059,chocoZAP(チョコザップ) 飯田橋
35.6845484,139.7005906,chocoZAP(チョコザップ) 西新宿
35.6611418,139.6985508,FASTGYM24 早稲田
35.6818246,139.7000122,ファイトフィット 高田馬場駅前
35.6862356,139.699321,カポエイラ・テンポ大久保アカデミーア
35.6862356,139.699321,WINME(ウィンミー)
35.6785373,139.7100989,Apple GYM(アップル ジム) 早稲田店
35.6471318,139.7126436,つるやゴルフ 西新宿店
35.6501903,139.7093386,ライザップ 新宿店
35.6784633,139.6784956,CLUB PILATES(クラブ ピラティス) 神楽坂店
35.6503747,139.7218086,NewAns(ニュアンス)
35.6572941,139.6977186,岩盤ホットヨガスタジオAMI-IDA(アミーダ) 四谷三丁目店
35.6569801,139.7006742,パーソナルミット 神楽坂店
35.6710917,139.7139772,Dr.stretch(ドクターストレッチ) 新宿大ガード店
35.6579656,139.6997638,鶴見虹子 体操School(スクール) 新宿教室
35.6663267,139.7033662,KX Pilates(ピラティス) 東新宿店
35.6492751,139.7091769,PLAYLON operacity woman(プレロン オペラシティ ウーマン) 東京オペラシティ店
35.6860664,139.6968612,ホットヨガスタジオ 美温 東京オペラシティ店
35.6815522,139.6998028,スポーツデポフラッグシップストア 新宿店
35.6815522,139.6998028,luluto(ルルト) 飯田橋・神楽坂店
35.663717,139.702569,BEYOND(ビヨンド) 四谷三丁目新宿御苑店
35.6618105,139.6970006,Dr.stretch(ドクター ストレッチ) 四谷三丁目店
35.6452839,139.712529,有賀園ゴルフ eStand+(イースタンド プラス) 小田急百貨店新宿店
35.6633192,139.7027647,神宮球場 室内球技場
35.6547669,139.7205391,OSHMAN'S(オッシュマンズ) 新宿店
35.6688485,139.7107047,ファイトフィット新宿
35.6684826,139.7071838,ルーツゴルフスクール 新宿校
35.6686494,139.7044101,ムラサキスポーツ 新宿南口店
35.6610245,139.7053932,ベースボールときわ 新宿店
35.6767844,139.6761032,SPORTS SHOP GALLERY・2(スポーツ ショップ ギャラリー ツー) アドホック新宿店
35.6718718,139.7033032,Patagonia(パタゴニア) 東京・目白
35.6692595,139.7086335,BETA CLIMBING GYM(ベータクライミングジム)
35.662679,139.7005906,ジェクサー・フィットネスクラブ 四谷店
35.6771711,139.6775414,ヨガ教室ノア 新宿校
35.6547098,139.7038201,ホットヨガスタジオLAVA(ラバ) 高田馬場店
35.6618545,139.6966894,ホットヨガスタジオLAVA(ラバ) 市ヶ谷店
35.6568486,139.7004473,Reborn myself(リボーン マイセルフ)新宿店
35.6731681,139.6669329,SPECIALIZED SHNIUKU(スペシャライズド シンジュク)
35.6632597,139.7028844,BOX GOLF(ボックス ゴルフ)
35.6487636,139.7165289,DRIVING RANGE HIGASHISHINJUKU(ドライビングレンジ東新宿)
35.6710099,139.6861914,Onitsuka Tiger SHINJUKU EAST(オニツカタイガー新宿東)
35.6877186,139.7021464,ウエンブレー 新宿店
35.6609258,139.7035015,GINZA de FUTSAL(ギンザ デ フットサル) 新宿ビックロスタジアム
35.6659437,139.7050917,ゾーイ 小田急百貨店新宿店
35.6602981,139.7054873,Onitsuka Tiger SHINJUKU SOUTH(オニツカタイガー新宿南)
35.6794449,139.7142888,FIRSTSHIP(ファーストシップ) 新宿
35.6740779,139.7184376,RIZAP WOMAN(ライザップ ウーマン) 新宿店
35.6802144,139.71498,Studio BOWSPRING SHINJUKU(スタジオ ボウスプリング シンジュク) 新宿マルイ本館店
35.6794449,139.7142888,KODLAB fitness boxing(コドラボ フィットネス ボクシング)
35.69343,139.700638,エクササイズコーチ 新宿西口店
35.6965563,139.6957858,DIS(ディス)市谷スポーツクラブ
35.6913164,139.7030803,ルルレモン 新宿マルイ本館店
35.6740779,139.7184376,小杉スケート 神宮店
35.7069968,139.7054389,ダンロップクラブハウス 新宿店
35.7066091,139.7022529,PING フィッティングスタジオ
35.689032,139.7024716,アンダーアーマー ブランドハウス 新宿
35.6892182,139.7023939,文武一道塾 志道館 本社
35.6769912,139.7165189,CARDIO BARRE(カーディオ バー) 新宿店
35.6892325,139.7026156,Lili(リリ)卓球スタジオ
35.7077712,139.7010294,ZEROGYM SHINJUKU(ゼロジム シンジュク)
35.693351,139.6984566,アディダス オリジナルス フラッグシップ ストア 新宿
35.7027528,139.7426351,Re(リ)・ファインフィットネス 新宿店
35.688035,139.6968,JOYFIT(ジョイフィット)24 信濃町
35.6966768,139.701163,神宮外苑サマディクラブ
35.6898725,139.7030531,adabat(アダバット) 京王百貨店新宿店
35.6933851,139.7011637,PARKERS TOKYO(パーカーズ トウキョウ)
35.7031756,139.7401171,BEYONDジム 新宿店
35.6907955,139.7022544,石井スポーツ ヨドバシ新宿西口店
35.6912107,139.701805,WHITE TIME(ホワイト タイム)
35.7041702,139.6965814,ストレッチ専門店Dr.ストレッチ(ドクター ストレッチ) 高田馬場店
35.690382,139.7018315,HIDE'S KICK!(ヒデズ キック)
35.712326,139.7004809,新宿中央公園フットサル施設
35.6961095,139.7090098,Karada BESTA(カラダ ビスタ) 新宿店
35.6968313,139.7013503,卓球広場Link(リンク)
35.7114176,139.7210772,B・B・V ola SHINJUKU STUDIO(オラ シンジュク スタジオ)
35.7123049,139.6930519,ストレッチ専門店Dr.(ドクター)ストレッチ 神楽坂店
35.7077712,139.7010294,Bodyリフレクション高田馬場店
35.7200135,139.6769405,GSレーニング
35.7116331,139.7163493,zen place yoga(ゼン プレイス ヨガ) 神楽坂
35.6887629,139.6960034,ゴルフパフォーマンス 新宿365店
35.7066287,139.7091726,ファイトフィット 新宿東口駅前
35.7055213,139.7140052,ハイアルチ高田馬場スタジオ
35.6879637,139.7172578,インドアゴルフスクール フィットイン 四谷店
35.7008435,139.7123608,マイゴルフスタイル新宿
35.7023237,139.688904,CLUB ON THE PARK(クラブ オン ザ パーク)
35.7200135,139.6769405,ジャックバニー 小田急百貨店新宿店
35.6887316,139.7027048,セント・アンドリュース 小田急百貨店新宿店
35.7103166,139.7044202,ニューバランスゴルフ 小田急百貨店新宿店
35.6956347,139.6989468,パーリーゲイツ 小田急百貨店新宿店
35.6921701,139.6949482,ビームスゴルフ 小田急百貨店新宿店
35.6894289,139.7036822,ピン アパレル 小田急百貨店新宿店
35.6772614,139.7174802,マスターバニーエディション 小田急百貨店新宿店
35.7231484,139.6822537,ワック 小田急百貨店新宿店
35.7007944,139.7077036,有賀園ゴルフスクール プログレス 小田急百貨店新宿店
35.7045315,139.7286565,ANYTIME FITNESS(エニタイム フィットネス) 新宿靖国通り店
35.7105208,139.7110827,Reve SHINJUKU(レーブ シンジュク)
35.696868,139.6921837,Private Gym Dand.A(プライベ-ト ジム ダンドエ-) 新宿本店
35.7137638,139.6858531,ジンジテニスセンター
35.6928403,139.7222232,ゴルファーズ・ラボ 若松河田店
35.6877544,139.7155786,ゴルフパフォーマンス 新宿四谷店
35.7023579,139.6957641,わたしのゴルフ 曙橋店
35.6919745,139.7147932,Apple GYM(アップルジム) 神楽坂店
35.6869153,139.6932758,Apple GYM(アップルジム) 新宿店
35.6954277,139.7381333,JINJI GOLF(ジンジ ゴルフ)
35.7022192,139.7379413,Apple GYM(アップルジム) 飯田橋店
35.7029908,139.7437469,パーソナルトレーニングジム ティーバランス新宿三丁目店
35.712833,139.7019754,パーソナルトレーニングジム ティーバランス西新宿店
35.6956489,139.7208184,Apple GYM(アップルジム)高田馬場店
35.7019297,139.7383387,DEED(ディード)パーソナルトレーニングジム∞東新宿店
35.6911844,139.7116213,DEED(ディード) 西新宿店
35.7112853,139.6914964,DEED(ディード) 若松河田・早稲田店
35.7220704,139.6959489,パーソナルジムCHART(チャート) 西落合店
35.6872555,139.724759,Roots golf school(ルーツ ゴルフ スクール) 神宮外苑校
35.6872555,139.724759,GOLFERS(ゴルファーズ)24 神楽坂店
35.7056391,139.7216561,Precise Golf Lab(プリサイズ ゴルフ ラボ) 新宿御苑前
35.6920712,139.7249885,イロアスジム 神楽坂・江戸川橋店
35.6873818,139.6952978,Obito(オビト)
35.6980106,139.7134666,パーソナルランド
35.6916345,139.7055859,パーソナルマシンピラティスSAKURA(サクラ) 高田馬場・西早稲田店
35.6894787,139.7010276,Evolv(エボルブ) 神楽坂店
35.696025,139.6941188,ダイエット専門キックボクシングパーソナルジム WINME(ウィンミー)
35.6880635,139.717686,ゴルフアカデミー 東新宿店
35.7022532,139.738698,HYPERION GOLF STUDIO(ヒューペリオン ゴルフ スタジオ) 西新宿店
35.6848285,139.6855797,卓球処やまぶき
35.698016,139.696642,TRAIM(トライム)
35.7139411,139.7117011,eviGym(エビジム) 新宿店
35.6886105,139.7095865,SMART SHOTS(スマート ショット) 新宿
35.7026865,139.7428021,落合ゴルフガーデン
35.6954679,139.6886564,コナミスポーツクラブ飯田橋
35.7063003,139.719726,トマステニスコート
35.7138847,139.7021032,外濠公園総合グラウンドテニスコート
35.7042599,139.6963724,エスフォルタ市ヶ谷
35.6949283,139.7218359,BODY R GYM 西新宿旭ビル WOOD
35.705877,139.721986,BODY R GYM 西新宿 302
35.6870964,139.6937299,b-monster 新宿スタジオ
35.6951231,139.696549,西武フィットネスクラブ Pilates&Conditioning BIGBOX高田馬場店
35.7034056,139.7360536,西武フィットネスクラブ BIGBOX高田馬場店
35.6848965,139.6856143,ダンロップゴルフスクール BIGBOX高田馬場店
35.6875738,139.7198185,SPACE GYM 新宿アイランド店
35.7077705,139.728989,ライザップ新宿(女性専用)店
35.6938289,139.6983974,ジェクサーキッズスクール四谷
35.6996449,139.7269897,極真会館四谷・飯田橋道場
35.6955348,139.7087088,神宮外苑フットサルクラブ千駄ヶ谷コート
35.682955,139.6867214,ストリングショップグランドスラム
35.682955,139.6867214,カモシカスポーツ山の店
35.69343,139.700638,ヴェイルスポーツ
35.7035252,139.7398614,ヤマモトスポーツ
35.6869654,139.7205091,ファイター
35.688024,139.7189241,ヌンサヤームジム
35.6924713,139.6987349,住地ゴルフスクール 新宿西校
35.6759755,139.7179599,財団法人波多野ファミリスクール
35.6897562,139.7015081,WITH新宿店
35.6977486,139.6877973,国際卓球株式会社 高田馬場店
35.6952174,139.704175,ダイビングショップブルーサブ
35.6898725,139.7030531,極真館・神楽坂道場
35.693351,139.6984566,仙元館
35.6928042,139.703283,ボクシングクラブ新宿
35.7219878,139.7043703,山手卓球場
35.6921846,139.722235,ノースフィールド
35.6883019,139.7308924,HoneyTrap
35.6933052,139.6982876,ターゲットワン新宿店
35.7137993,139.7054036,黄金比率ダイエット研究所
35.6919609,139.7338684,TOTALGOLFFITNESS
35.6940879,139.6981275,極真会館東京城西支部落合・東中野道場
35.696868,139.6921837,MONKEYGYM
35.6886342,139.7036224,加圧トレーニングONE’s
35.6890558,139.7122067,サンドウェーブ
35.6919012,139.7030246,みらいじま(NPO法人)
35.6925378,139.7094383,ゴルフステーション新宿
35.6924713,139.6987349,コスモス
35.6880848,139.7032444,ジョイン(Joyn)Beauty&Conditioning
35.6887683,139.7030639,スポーツオアシス新宿24Plus
35.6931833,139.7041833,心身健康倶楽部新宿御苑店
35.6909311,139.7040644,ドロサーフコーポレーション
35.6907975,139.7227283,わたしのゴルフ目白店
35.69405,139.6976987,クリードパフォーマンス神楽坂店
35.6957251,139.7296392,THEPERSONALGYM新宿御苑店
35.6909311,139.7040644,わたしのゴルフ高田馬場店
35.6802144,139.71498,UrbanBaseCamp新宿
35.6919479,139.6930396,山吹町インドアゴルフJOY
35.6880602,139.6935117,全世界空手道連盟新極真会(NPO法人)総本部道場
35.6918597,139.7019705,ビヨンド(BEYOND)飯田橋神楽坂店
35.7020273,139.7389274,レーブ東京新宿
35.6894289,139.7036822,ラプレゴルフベース
35.7054099,139.7314032,スマートフィット100高田馬場店
35.6921701,139.6949482,江東区夢の島競技場
35.6887316,139.7027048,有明アリーナ
35.6894087,139.6966516,FC東京 深川スクール
35.6826934,139.7194018,有明コロシアム
35.6802144,139.71498,江東区スポ-ツ会館
35.6901289,139.6991869,有明スポ-ツセンタ-
35.6910689,139.6901922,深川スポーツセンター
35.6961712,139.6978911,東京アクアティクスセンター
35.690042,139.6985358,江東区 深川北スポーツセンター
35.7072001,139.7292472,フジゴルフセンター
35.7117241,139.7059162,有明アーバンスポーツパーク
35.693195,139.6873685,SENKO(センコー)潮見コート
35.6901236,139.689223,BumB東京スポーツ文化館
35.6909844,139.7091377,東京辰巳アイスアリーナ
35.7063564,139.741552,亀戸スポ-ツセンタ-
35.6894289,139.7036822,猿江恩賜公園庭球場
35.7005604,139.7416718,H.L.N.A SKYGARDEN SKATEPARK(スカイガーデンスケートパーク)
35.7103468,139.7041281,GODAI(ゴダイ) 亀戸校
35.6963157,139.6945077,木場公園庭球場
35.7011725,139.7404377,東京都立有明テニスの森公園テニスコート
35.6872661,139.6946872,フットスクエア 江東・森下
35.6939297,139.7011535,メトログリーン東陽町
35.7120086,139.7098527,ゴールドジム 東陽町スーパーセンター
35.6873176,139.7243758,東砂スポ-ツセンタ-
35.6939314,139.6905425,ティップネス木場
35.6854999,139.6907386,若洲海浜公園サイクリングコース
35.6924713,139.6987349,フットサルパライーゾ東陽町
35.6924713,139.6987349,海の森水上競技場
35.6924713,139.6987349,新砂運動場多目的運動広場
35.6924713,139.6987349,ASICS Sports Complex TOKYO BAY(アシックススポーツコンプレックストウキョウベイ)
35.6924713,139.6987349,潮見庭球場
35.6924713,139.6987349,新砂庭球場
35.6924713,139.6987349,豊住庭球場
35.6924713,139.6987349,荒川・砂町庭球場
35.6924713,139.6987349,亀戸庭球場
35.6911844,139.7116213,東砂庭球場
35.6949752,139.6982172,深川庭球場
35.6945647,139.6955602,新豊洲Brillia(ブリリア)ランニングスタジアム
35.6925835,139.6911889,辰巳の森海浜公園ラグビー練習場
35.6996299,139.7224744,MIFA Football Park(ミーファ フットボール パーク)
35.6908776,139.7284006,トップインドアステージ亀戸
35.6930543,139.7213664,夢の島公園アーチェリー場
35.7032051,139.736782,エムズダイビングアドベンチャー
35.6940574,139.6991474,ラモスフィールドインドアフットサル
35.6925835,139.6911889,livedoor URBAN SPORTS PARK(ライブドア アーバン スポーツ パーク)
35.7021576,139.7405536,ゴルフパートナー 大島店
35.6930125,139.7082301,亀戸中央公園庭球場
35.6978408,139.689921,南砂少年野球場
35.7131366,139.702197,エニタイムフィットネス 門前仲町店
35.6984965,139.7072926,大島・小松川公園庭球場
35.6890645,139.6877474,ルネサンス 亀戸24
35.7008508,139.7170416,エニタイムフィットネス 大島店
35.7212473,139.6775586,エニタイムフィットネス 亀戸店
35.675457,139.7156698,豊洲ゲートボール場
35.702167,139.7387539,シーポイント東京
35.6917196,139.7148011,ルネサンス 北砂
35.7056305,139.7307453,エニタイムフィットネス 東大島店
35.7114516,139.6847364,エニタイムフィットネス 木場店
35.7167493,139.7006569,エニタイムフィットネス 菊川店
35.7110968,139.7081902,若洲ヨット訓練所
35.7020289,139.7390772,FASTGYM24 住吉店
35.6915894,139.7259356,スポーツデポ 南砂町スナモ店
35.6961591,139.7128282,JOYFIT24門前仲町
35.6906707,139.6852349,エニタイムフィットネス 南砂店
35.7090544,139.730523,スポーツデポ カメイドクロック店
35.6933432,139.6886686,chocoZAP(チョコザップ) 東陽三丁目
35.6909311,139.7040644,エニタイムフィットネス 東陽町店
35.6939782,139.7071598,エニタイムフィットネス トピレックプラザ店
35.7241947,139.6819648,JOYFIT24 ジムLITE 亀戸 | 24時間営業フィットネスジム
35.7017357,139.7427812,JOYFIT24亀戸
35.7042,139.6970129,ゴールドジム イースト東京
35.691211,139.7329781,chocoZAP(チョコザップ) 木場五丁目
35.6977808,139.6982096,chocoZAP(チョコザップ) 砂町銀座
35.697718,139.6978183,chocoZAP(チョコザップ) 有明ガーデン
35.6941022,139.6992888,chocoZAP(チョコザップ) 木場
35.7129532,139.7042706,DESCENTE ららぽーと豊洲
35.7129532,139.7042706,OUTSIDE THE BOX ららぽーと豊洲
35.7129532,139.7042706,chocoZAP(チョコザップ) 江東千田
35.6930383,139.6934204,chocoZAP(チョコザップ) 東砂
35.6931833,139.7041833,chocoZAP(チョコザップ) 森下三丁目
35.6853727,139.7287997,chocoZAP(チョコザップ) 住吉一丁目
35.6880996,139.7190979,chocoZAP(チョコザップ) 亀戸二丁目
35.6802144,139.71498,chocoZAP(チョコザップ) 亀戸
35.712202,139.7078411,chocoZAP(チョコザップ) 亀戸五の橋
35.7117607,139.7045349,chocoZAP(チョコザップ) 大島七丁目
35.7019481,139.6991437,スーパースポーツゼビオ ららぽーと豊洲店
35.6883162,139.6974628,スーパースポーツゼビオ ダイバーシティ東京 プラザ店
35.690592,139.7061755,ファストジム24住吉店
35.7003962,139.6957745,アローズジム&ラボ ららぽーと豊洲
35.6957906,139.6985962,ホットヨガスタジオLAVA ららぽーと豊洲
35.7188209,139.7051462,ヒマラヤスポーツ&ゴルフ 木場店
35.6892175,139.7118538,ドゥ・スポーツプラザ ららぽーと豊洲
35.711632,139.704841,コロンビア スポーツウェア ららぽーと豊洲
35.7103468,139.7041281,URBAN CLASSIC PILATES(アーバン クラシック ピラティス) 門前仲町
35.7011034,139.7370053,UNDER ARMOUR BRAND HOUSE(アンダー アーマー ブランド ハウス) お台場
35.711121,139.6854333,instant(インスタント) お台場ストア
35.6884748,139.7026841,オークリーストア ららぽーと豊洲
35.7142755,139.7027569,プールの家
35.6840734,139.72016,Base Camp Tokyo(ベース キャンプ トウキョウ) 錦糸町
35.7046797,139.7417516,夢の島スケートボードパーク
35.6926436,139.706375,サンクチュアリゴルフ イオン南砂店
35.6885658,139.7039064,東京メトロ深川総合運動場
35.6894567,139.715394,ミズノショップ ダイバーシティ東京 プラザ
35.7104483,139.6826428,FC東京深川グラウンド
35.6881874,139.7116172,夢の島東少年野球場
35.6907478,139.6868906,ステップゴルフ 亀戸店
35.6891921,139.6976289,バディスポーツ幼児園江東 バディズポーツクラブ江東
35.6879491,139.7160925,EveryDayGolf(エブリデイゴルフ) 森下店
35.6890456,139.697769,ボルダリングジム Fish and Bird (フィッシュアンドバード)
35.7010829,139.7424601,ホットヨガスタジオLAVA(ラバ) 門前仲町店
35.687619,139.725074,ホットヨガスタジオLAVA(ラバ) 東陽町店
35.701714,139.7398215,ホットヨガスタジオLAVA(ラバ) 住吉店
35.6968313,139.7013503,フットサルクラブ東京 東陽町コート
35.6896248,139.7123793,フットスクエア 門前仲町
35.6967164,139.724616,Dr.(ドクター)ストレッチ 門前仲町店
35.7227724,139.7045658,FUTONE(フットワン) 東陽町
35.7055678,139.735584,ミズノフットサルプラザBumB
35.6890328,139.7093612,SUPER SPORTS XEBIO(スーパー スポーツ ゼビオ) ダイバーシティ東京プラザ店
35.7101706,139.7025338,山響部屋
35.6958434,139.6989371,アウルスポーツジム
35.7072342,139.7314138,UNDER ARMOUR BRAND HOUSE(アンダー アーマー ブランド ハウス) 有明
35.7054452,139.7415681,Anytime Fitness(エニタイム フィットネス) 亀戸店
35.704284,139.7409142,DESCENTE STATION(デサント ステーション)
35.694963,139.6980976,POLUM(ポルム)
35.6958758,139.7361634,トーヨータイヤ豊洲ドーム
35.712326,139.7004809,ドームアスリートハウス
35.6748794,139.7564528,フジクラゴルフクラブ相談室 木場店
35.6963798,139.759374,BODY CONTROL(ボディ コントロール) 森下スタジオ
35.6963798,139.759374,塩田合気道 東陽町本部道場
35.6939845,139.7645926,FUTSALDAIBA(フットサルダイバ)
35.6972735,139.7594013,STARDIUM(スターディアム)
35.6961102,139.7610151,Dr.stretch(ドクターストレッチ) イトーヨーカドー木場店
35.6947585,139.7639938,わたしのゴルフ 東陽町店
35.6797045,139.7632693,オードヴィーボールパーク
35.6951887,139.7622244,COREトレSTUDIO(コア トレ スタジオ) FSBI
35.6891407,139.7675921,adidas Originals Shop(アディダス オリジナルス ショップ) ダイバーシティ東京プラザ店
35.695023,139.7626611,VIP(ビップ)インドアテニススクール東陽町
35.6944351,139.7621739,T-WALL(ティーウォール) 錦糸町店
35.6953586,139.7657371,YOKO's GYM 亀戸店
35.7037858,139.7725562,トライフォース柔術大島
35.6743712,139.7614382,潮見野球場
35.6942148,139.7645391,フィットオンストア
35.6941472,139.7631907,パーソナルトレーニングジム かたぎり塾 森下店
35.6826212,139.7642436,ダイエットパートナー南砂町店
35.6884052,139.7647492,パーソナルトレーニングジム ハーモニーボディー門前仲町
35.6992908,139.7739578,パーソナルトレーニングジム ダイエットパートナー東陽町店
35.680117,139.7583125,パーソナルトレーニングジム ダイエットパートナー南砂町店
35.6933944,139.7796058,BLUE FITNESS(ブルー フィットネス)24 西大島
35.6876366,139.7623328,racket freak(ラケット フリーク)
35.6963507,139.7597717,DAZZLE Personal Gym(ダズル パーソナル ジム)
35.691023,139.7651383,REAL SPEC GOLF(リアルスペックゴルフ)
35.6824785,139.7398156,【1/17オープン】HOPE GYM(ホープ ジム) 清澄白河
35.6972543,139.7565131,パーソナルジムVIBRUN(ヴィーブラン)錦糸町・住吉店
35.6759691,139.7384261,PERSONAL TRAINING STUDIO NewRise(パーソナル トレーニング スタジオ ニューライズ)
35.6997168,139.7621994,BLUE FITNESS24(ブルーフィットネス)東雲
35.6929784,139.7720022,OLUTANA PILATES(オルタナピラティス)亀戸
35.7002327,139.768978,biima sports stadium 有明ガーデン店
35.6985435,139.7488691,ボーネルンドあそびのせかい(キドキド) 有明ガーデン店
35.6844561,139.7371784,ムラサキスポーツ 有明ガーデン店
35.6915859,139.765787,Club Pilates 有明ガーデン 有明ガーデン店
35.6862327,139.7321161,アミーダ 有明ガーデン店
35.6966636,139.759225,田中体操クラブ 有明ガーデン店
35.6941792,139.775488,chocoZAP 有明ガーデン 有明ガーデン店
35.6947493,139.7647987,有明ゴルフスタジオ 有明ガーデン店
35.7012193,139.7690617,Dr.stretch 有明ガーデン店
35.698877,139.7488176,Dr.ストレッチ アトレ亀戸店
35.6946799,139.7788516,ジェクサー・フィットネス&スパ24 亀戸 アトレ亀戸店
35.693132,139.7435441,ジェクサー・ゴルフカレッジ亀戸 アトレ亀戸店
35.69292,139.7710386,ゴルフアルファ アリオ北砂店
35.6842447,139.736365,ファイテンショップ南砂町SUNAMO店
35.6787105,139.7629717,メガロス南砂町SUNAMO 南砂町スナモ店
35.6951887,139.7622244,Indoor Golf School BEAGLE 南砂町スナモ店
35.6955588,139.7810238,イオンウエルネスラウンジ 3FIT南砂店
35.6899549,139.768592,スポーツクラブ オッソ(スポーツクラブ・スイミングスクール) トピレックプラザ店
35.7012894,139.7534088,ジム オルソ(体操教室) トピレックプラザ店
35.696034,139.7696807,HITテニススクール トピレックプラザ店
35.6977835,139.7581901,イオン新体操クラブ トピレックプラザ店
35.6916172,139.739646,インドアゴルフレンジ&スクール サンクチュアリ イオン南砂店
35.699687,139.7770495,フープシティ 南砂(バスケットスクール) トピレックプラザ店
35.6989329,139.7642805,銀座deフットサル トピレックプラザ店
35.6925469,139.777379,猿江恩賜公園野球場兼競技場
35.7009531,139.7456437,大島ゴルフセンター
35.6968141,139.7511587,東京YMCA東陽町ウエルネスセンター
35.6952354,139.7588954,サマディ江東・森下テニススクール
35.6924477,139.7607356,新砂運動場第一運動場
35.6919051,139.7671648,大島小松川公園小野球場
35.6989789,139.7436278,カーブス(女性専用フィットネス) トピレックプラザ店
35.693031,139.77013,アーバンウェストゴルフ森下店
35.6759691,139.7384261,CITY CIRCUIT TOKYO BAY
35.6946997,139.7646575,東京都立若洲海浜公園ヨット訓練所
35.6911281,139.7678684,亀戸中央公園多目的球技広場
35.6909846,139.7660156,大島小松川公園小サッカー場
35.6964284,139.7748028,辰巳の森海浜公園少年広場
35.6844686,139.738698,新砂運動場ターゲットバードゴルフ
35.6918191,139.7371405,夢の島総合運動場軟式野球場少年野球場
35.6991563,139.7485249,亀戸運動公園少年野球場
35.6949397,139.7783376,有明ジュニアテニスアカデミー
35.7035857,139.7699935,コナミスポーツクラブ東大島
35.698679,139.756167,ナカヤスポーツ店
35.69292,139.7710386,DTSキックボクシングジム
35.6944351,139.7621739,伴流ボクシングジム
35.6981627,139.7560861,山英スポーツ
35.6972543,139.7565131,辰巳少年野球場
35.6981172,139.7566528,ジェクサーフィットネスクラブ亀戸店
35.6826212,139.7642436,ジェクサーキッズスクール亀戸
35.6814742,139.7689286,極真会館城東支部亀戸北道場
35.6814742,139.7689286,極真会館城東支部郷田道場
35.6980511,139.7567971,国際大山空手道連盟東京深川支部
35.6840793,139.7658641,神武館空手道場
35.6826212,139.7642436,江東区 スポーツ会館
35.6977089,139.7562594,テニスショップボールボーイ
35.6990522,139.7751523,ゴルフレンド日本橋
35.6930673,139.7746439,キックボクシングキングジム
35.6754908,139.7647786,有限会社ゴセキスポーツ
35.6822728,139.7698005,株式会社ワカミヤ卓球SHOP
35.6954106,139.7619348,フォーレ(FOLE)フィットネスクラブ
35.6941498,139.764418,宮川スポーツ
35.6877518,139.7644093,サマディテニスクラブ門仲
35.6777236,139.7614575,ケン・マリンサービス
35.6731283,139.7598772,CLUB-Gゴルフ道場
35.6841522,139.7327545,インドアゴルフスクール・ゴルフェ豊洲店
35.6897929,139.7679859,MyGym豊洲校
35.7032131,139.7726261,ラケットショップRBTイチムラ
35.7034782,139.7715223,わくわくふれあいスポーツ門仲スタジオ
35.6909195,139.7574614,JAMROCK・FITNESS東陽町店
35.6723719,139.754036,ピラティス専門店ウイークル(WECLE)
35.6940917,139.7642096,しながわ区民公園少年野球場
35.69903,139.7648086,天王洲公園野球場
35.6941403,139.7643328,八潮北公園庭球場
35.6823687,139.7632612,品川区総合体育館
35.6952575,139.7621531,品川南埠頭公園野球場
35.6814742,139.7689286,ウェルカムセンター原・交流施設
35.696034,139.7696807,コナミスポーツクラブ
35.6992908,139.7739578,都立大井ふ頭中央海浜公園スポーツの森陸上競技場
35.6873201,139.7413594,荏原健康センター
35.698917,139.774798,大井ホッケー競技場
35.7002316,139.7538779,戸越体育館
35.6697753,139.7588194,フットサルコート品川
35.6947585,139.7639938,ティップネス・キッズ五反田店
35.6998004,139.7459431,スポーツクラブNAS大崎
35.7012894,139.7534088,子どもの森公園
35.6749107,139.7647059,しながわ区民公園庭球場
35.6876188,139.7347034,東品川公園庭球場
35.6850572,139.7401825,子どもの森公園野球場
35.6814742,139.7689286,ゴルフパートナー 大森店
35.6814742,139.7689286,東品川公園弓道場
35.6743712,139.7614382,ダイビングスクール ノリス東京目黒
35.697133,139.7556294,スキューバプロショップ大井町
35.6968072,139.7565829,エニタイムフィットネス 不動前店
35.6911672,139.7392169,エニタイムフィットネス 大崎店
35.6960829,139.7714579,エニタイムフィットネス 大森店
35.67993,139.7392827,エニタイムフィットネス 高輪台店
35.6942062,139.7592182,エニタイムフィットネス 目黒店
35.693044,139.7719072,エニタイムフィットネス 五反田駅前店
35.7005014,139.7751358,エニタイムフィットネス 武蔵小山店
35.6940764,139.7727593,エニタイムフィットネス 五反田店
35.6953144,139.7764243,FASTGYM24 西大井店
35.7024894,139.77015,FASTGYM24 荏原中延店
35.7004005,139.7481987,FASTGYM24 西小山店
35.6947746,139.7633382,エニタイムフィットネス 品川中延店
35.6900242,139.7719571,エニタイムフィットネス 戸越公園店
35.6952403,139.7636306,エニタイムフィットネス 大井町店
35.6941517,139.7629944,エニタイムフィットネス 天王洲アイル店
35.7004006,139.7472605,エニタイムフィットネス 品川シーサイド店
35.7004272,139.7752721,カーブス 戸越
35.6960443,139.7666224,JOYFIT24 戸越銀座 | 24時間営業フィットネスジム
35.6964899,139.7818926,JOYFIT24 ジムLITE 西友大森(大森駅東口) | 24時間営業フィットネスジム
35.6915719,139.7737362,JOYFIT24 旗の台 | 24時間営業フィットネスジム
35.6821335,139.7384012,JOYFIT24戸越銀座
35.6917551,139.7401047,ゴールドジム サウス東京
35.6891407,139.7675921,chocoZAP(チョコザップ) 西五反田三丁目
35.6903762,139.7441268,ファストジム24西大井店
35.682111,139.7691588,chocoZAP(チョコザップ) 西五反田二丁目
35.69596,139.7715041,chocoZAP(チョコザップ) 北品川
35.7015958,139.7514991,chocoZAP(チョコザップ) 西小山
35.6990089,139.749013,chocoZAP(チョコザップ) 大井町
35.6927017,139.7727759,chocoZAP(チョコザップ) 荏原中延
35.6927883,139.7704196,chocoZAP(チョコザップ) 不動前
35.6949582,139.7635774,chocoZAP(チョコザップ) 鮫洲東口
35.6988677,139.761095,ファストジム24西小山店
35.6720448,139.7422575,ファストジム24荏原中延店
35.6946447,139.7629847,Lala Aasha(ララアーシャ) 戸越銀座スタジオ
35.6978403,139.7628117,BurnesStyle GOTANDA(バーネススタイル ゴタンバ)
35.6946176,139.7643204,WECLE(ウィークル) 武蔵小山店
35.6955046,139.7628023,anyone space(エニワン スペース) 東五反田
35.7017259,139.7514066,zen place pilates(ゼン プレイス ピラティス) 大井町スタジオ
35.6984735,139.7697901,ステップゴルフ 品川店
35.6953781,139.7594578,EARTH GOLF ACADEMY(アースゴルフアカデミー) 大崎店
35.6922164,139.7412942,岩盤ホットヨガスタジオAMI-IDA(アミーダ) 西小山店
35.6950479,139.7654292,ANYTIME FITNESS(エニタイム フィットネス) 南品川店
35.682111,139.7691588,スイサポ 事務所
35.6948887,139.7631115,FIT PLACE(フィット プレイス)24 五反田
35.6937795,139.7645491,FURDI(ファディー) 西友大森店
35.6980872,139.7498954,Health Control&Body Design OMORI TRAINING CENTER(大森トレーニングセンター)
35.6978333,139.777992,HOT STUDIO SANCTUARY(ホット スタジオ サンクチュアリ) 大井町店
35.6966797,139.760126,ホットヨガスタジオLAVA(ラバ) 大森店
35.6834261,139.7404343,ホットヨガスタジオLAVA(ラバ) 五反田店
35.6935011,139.7499598,ホットヨガスタジオLAVA(ラバ) 目黒店
35.6987785,139.7558905,ホットヨガスタジオLAVA(ラバ) 戸越店
35.6957055,139.7635213,ホットヨガスタジオLAVA(ラバ) 大井町店
35.6860012,139.7671055,ホットヨガスタジオLAVA(ラバ) 青物横丁店
35.6933958,139.7740147,VALUE GOLF OSAKI(バリュー ゴルフ オオサキ)
35.687441,139.7357305,Magma spastudio INSEA(マグマ スパスタジオ インシー) 五反田店
35.7035794,139.7724664,ThinkPark Arena (シンクパークアリーナ)
35.6875427,139.7428294,MITACHI ACADEMY(ミタチ アカデミー)
35.6701719,139.7674443,セブンカルチャークラブ 大井町
35.6701719,139.7674443,ワールドプラスジム 武蔵小山店
35.6715185,139.7618536,Body Produce AXIS(ボディ プロデュ-ス アクシス) 目黒店
35.6878017,139.7893553,ファイトフィット 目黒白金店
35.6688879,139.762275,メガロスクロス 中延24店
35.6713729,139.7682031,かわら割道場 東京支部
35.6726299,139.7614943,日本財団パラアリーナ
35.6756807,139.7664122,セントラルフィットネスクラブ 天王洲
35.6766354,139.769666,FEELCYCLE(フィールサイクル) 五反田
35.6696215,139.7593626,パーソナルトレーニングジムJOHNNY STYLE(ジョニースタイル) 五反田店
35.6720668,139.7656503,やしおスケートパーク
35.6650432,139.7829412,JYPER'S(ジッパー) 大崎試打店
35.6732328,139.764609,ピグレットクライミングジム
35.6757653,139.7699835,Mizutori Sports Club 体操教室 五反田studio(ミズトリ スポーツ クラブ タイソウキョウシツ ゴタンダスタジオ)
35.6722667,139.7649738,アプトゴルフスクール 武蔵小山校
35.6725473,139.7646888,ステップゴルフプラス 五反田店
35.6726342,139.7654213,パーソナルジム セルフィット 武蔵小山店
35.6896352,139.7723066,パーソナルトレーニングジムかたぎり塾 不動前店
35.6816953,139.7718206,24Fitness Rep(フィットネス レップ) 戸越公園店
35.6763901,139.7720079,SHINAGAWA CULTURE BASE Powered by(シナガワ カルチャー ベース パワード バイ)スポスル
35.6490356,139.7741538,白金スポーツパーク Supported by(スポーテッド) スポスル
35.6837241,139.7891713,zen place pilates(ゼン プレイス ピラティス) 五反田東口
35.674896,139.7755166,ハイアルチ 大井町スタジオ
35.673214,139.7653677,かたぎり塾 戸越店
35.6536454,139.7716399,GOLFERS(ゴルファーズ)24 五反田店
35.6686523,139.7613732,MONZETSU TALK GYM(モンゼツ トーク ジム)
35.6802223,139.7692184,REAL SWING(リアル スイング) 旗の台
35.6722667,139.7649738,MOTION SPACE SHINAGAWA SPACE(モーション スペース シナガワ スペース)
35.6736479,139.7671505,フィットネス・ラボP2M(ピーツーエム)
35.6894963,139.7738842,BULKFIT(バルクフィット)24 目黒店
35.673677,139.7792341,REAL WORKOUT(リアルワークアウト) 武蔵小山店
35.6815246,139.7717375,BEYOND GYM(ビヨンド ジム) 五反田店
35.6680673,139.7730239,PERSONAL GYM LIMIT MEGURO(パーソナル ジム リミット メグロ)
35.6858459,139.781924,Apple GYM(アップルジム) 五反田店
35.6744556,139.7775762,コンビニフィットネス ファイン 戸越銀座
35.6864105,139.7764104,Personal Gym LABODY(パーソナル ジム ラボディ)
35.6953949,139.7822744,Armwrestling & Fitness Personal Training School STARS GRIP(アームレスリング アンド フィットネス パーソナル トレーニング スクール スターズ グリップ)
35.6757736,139.7758221,ADP PERSONAL STUDIO(エーディーピー パーソナル スタジオ)
35.6670022,139.7656672,THE PERSONAL GYM(ザ パーソナル ジム) 五反田店
35.6848096,139.7883481,ミニトレ武蔵小山店
35.6730537,139.7767403,パーソナルマシンピラティスSAKURA(サクラ) 五反田店
35.6584221,139.782554,BODY TERRACE(ボディテラス)大井町
35.6825753,139.7808454,Pilates Studio Bee(ピラティス スタジオ ビー) 五反田店
35.6701827,139.7756469,LIFE LOG GYM(ライフログジム)大井町
35.6745099,139.7734349,LIFE LOG GYM(ライフログジム)西大井
35.6927234,139.7829551,LIFE LOG GYM(ライフログジム)中延
35.6835756,139.7844031,パーソナルジムRESCORPNES(レスコープネス) 大森・大森海岸店
35.6727317,139.7673478,The Golf House武蔵小山
35.6694655,139.7642496,Evolv(エボルブ) 五反田店
35.6713707,139.7642956,Evolv(エボルブ) 武蔵小山店
35.6694655,139.7642496,Evolv(エボルブ) 大森店
35.6694655,139.7642496,パーソナルベース五反田(PBジム五反田)
35.6726299,139.7614943,パーソナルマシンピラティスSAKURA(サクラ) 大井町店
35.6744556,139.7775762,【2/2オープン】パーソナルジムCHART(チャート) 旗の台/荏原町店
35.6858459,139.781924,ホグレルフィットネス戸越公園Lab(ラボ)
35.6680673,139.7730239,Dr.stretch(ドクターストレッチ) アトレ大井町店
35.6766972,139.7795871,都立大井ふ頭中央海浜公園スポーツの森野球場
35.6753419,139.7654228,品川区立弓道場
35.6878472,139.7800851,コナミスポーツクラブ五反田
35.6682648,139.7622231,ヴィクトリアゴルフ五反田店
35.6720616,139.7624926,大井ふ頭中央海浜公園スポーツの森テニスコート
35.6694655,139.7642496,阪急大井テニス&ゴルフスクール 阪急大井町ガーデン店
35.6512699,139.7743843,アトリオドゥーエNext武蔵小山 エトモ武蔵小山店
35.6711578,139.7612447,八潮公園多目的広場
35.6694655,139.7642496,セントラルスポーツジム24中延
35.6512699,139.7743843,セントラルスポーツジム24Premium五反田
35.6815246,139.7717375,ジェクサーフィットネスクラブ大井町店
35.6536454,139.7810277,ジェクサーテニススクール大井町
35.6589273,139.77505,ジェクサーキッズスクール大井町
35.6802223,139.7692184,ホットヨガスタジオ美温大崎
35.6701719,139.7674443,NAS PILATES ON the GO大崎店
35.689736,139.7802716,株式会社スポーツマンシップ
35.6727692,139.7651081,メグロゴルフセンター
35.695698,139.7842032,アーチェリーショップクレセント
35.6791646,139.7711925,ユー・ワールド
35.6645825,139.7819925,富士ベースボール野球専門店
35.664745,139.7835403,綱井道場接骨院
35.6725473,139.7646888,有限会社ゴルフエムツー
35.6940909,139.7821151,ミミスイミングクラブ品川
35.6673966,139.7638607,ウェルネススポーツセンター
35.670888,139.7668477,品川区 文化スポーツ振興課スポーツ係
35.6691057,139.768844,極真空手武蔵小山道場
35.6721335,139.7689818,ぷちアイランド
35.6669425,139.7784923,スポーツスパアスリエ旗の台
35.6696169,139.7653156,品川区 品川区民公園屋外プール
35.6727692,139.7651081,NATURAL9
35.6786479,139.7832658,NewBeachJapan
35.6686073,139.7634224,X・BODY・Lab・STATION・五反田
35.6759537,139.768802,OVERLIGHT卓球道場
35.6840425,139.7865711,BASI五反田スタジオ
35.6732328,139.764609,高輪台ゴルフスタジオ
35.6618317,139.7806343,K-1ジム五反田
35.6856332,139.7734296,インドアゴルフレンジ&スクールサンクチュアリ戸越銀座店
35.6691381,139.7863765,イトマンスポーツスクール品川校
35.6808238,139.7734349,国立代々木競技場
35.6730015,139.7736545,東京体育館
35.6822773,139.7767989,ジェクサー・フィットネス&スパ 新宿
35.6694655,139.7642496,代々木第一体育館
35.6716281,139.7637047,青山学院大学青山キャンパス 青山学院記念館
35.6808238,139.7734349,アディダス ブランドセンター 渋谷
35.6851969,139.7829611,Onitsuka Tiger OMOTESANDO(オニツカタイガー表参道)
35.6808238,139.7734349,ゴールドジム 原宿東京
35.6694655,139.7642496,adidas Originals Flagship Store Tokyo(アディダスオリジナルスフラッグシップストア原宿)
35.6729193,139.764083,代々木第二体育館
35.6808238,139.7734349,渋谷区スポーツセンター運動場
35.66108,139.7763538,代官山カラテスクール 表参道空手道場
35.68128,139.7737877,織田フィールド
35.6808238,139.7734349,青山学院大学 大学体育館-記念館-
35.6808238,139.7734349,FEEL CYCLE(フィール サイクル) 渋谷
35.6808238,139.7734349,ウインザーラケットショップ渋谷店
35.6808238,139.7734349,株式会社ムラサキスポーツ 原宿明治通り店
35.6808238,139.7734349,大正セントラルテニスクラブ新宿
35.6808238,139.7734349,サッカーショップKAMO(カモ) 渋谷店
35.6808238,139.7734349,Patagonia(パタゴニア) 東京・渋谷
35.6808238,139.7734349,Nike Shibuya(ナイキ渋谷)
35.6808238,139.7734349,ゴールドジム 代々木上原東京
35.6808238,139.7734349,国立代々木競技場フットサルコート
35.6808238,139.7734349,コナミスポーツクラブ渋谷
35.6721066,139.7686573,ASICS FLAGSHIP HARAJUKU(アシックスフラッグシップ原宿)
35.6820583,139.7719,HOKA Harajuku(ホカ原宿)
35.6719279,139.7681332,nergy active studio(ナージー アクティブ スタジオ)
35.6708884,139.7671194,Rintosull(リントスル) 恵比寿東口店
35.6803684,139.7715378,New Balance Run Hub Yoyogi Park(ニューバランスランハブ代々木公園)
35.6856332,139.7734296,エスフォルタ渋谷
35.6713513,139.7628213,バンゲリングベイ
35.6759689,139.7788669,コナミスポーツクラブ恵比寿
35.6730197,139.7634509,TRUE NATURE MEDITATION(トゥルーネイチャー メディケーション)
35.6682614,139.7624046,カリフォルニアストリート
35.6706256,139.7670623,T4 TOKTO(ティーフォー トウキョウ)
35.69253,139.7845879,Snow Peak LAND STATION HARAJUKU(スノーピークランドステーション原宿)
35.6862726,139.7800052,columbia(コロンビア) 原宿店
35.6839029,139.7859585,リーボック渋谷店
35.6636029,139.7816221,OSHMAN'S(オッシュマンズ) 原宿店
35.6850621,139.774131,ヘッシュドーグズ(HESHDAWGZ)
35.6715185,139.7618536,ホットヨガスタジオLAVA(ラバ) 渋谷店
35.6856332,139.7734296,代々木公園 サッカー・ホッケー場
35.6726956,139.7706594,ゴルフ5 プレステージ新宿店
35.674383,139.7660466,MELON(メロン) 表参道スタジオ
35.6745536,139.7679873,岸記念体育会館
35.6722621,139.7666526,代々木西原公園庭球場
35.6707713,139.7744234,猿楽トレーニングジム
35.6802223,139.7692184,代官山スポーツプラザ
35.6739539,139.7714879,笹塚高架下施設
35.6710123,139.7606358,パパラギダイビングスクール渋谷
35.6730197,139.7634509,エニタイムフィットネス 渋谷初台店
35.6690073,139.773398,エニタイムフィットネス 京王笹塚店
35.6840023,139.7823554,エニタイムフィットネス 恵比寿店
35.6911848,139.7839947,エニタイムフィットネス 元代々木店
35.6906318,139.7779482,エニタイムフィットネス 神宮前店
35.6708273,139.7691915,エニタイムフィットネス 渋谷店
35.6919769,139.7819527,エニタイムフィットネス 神宮外苑店
35.6730806,139.7679435,エニタイムフィットネス 広尾高校前店
35.6705324,139.7689817,エニタイムフィットネス 代々木店
35.6702514,139.7672846,FASTGYM24 幡ケ谷店
35.6702606,139.7696173,ゴールドジム 表参道東京
35.6858543,139.7824285,ゴールドジム 渋谷東京
35.6697194,139.7654185,ゴールドジム 代々木公園PREMIUM
35.671864,139.7610152,ゴールドジム 笹塚東京
35.6651048,139.7711384,ゴールドジム 原宿ANNEX
35.6705406,139.7693712,chocoZAP(チョコザップ) 渋谷三丁目
35.6738861,139.77011,chocoZAP(チョコザップ) 笹塚
35.67517,139.7736945,chocoZAP(チョコザップ) 代々木四丁目
35.6696295,139.7718873,chocoZAP(チョコザップ) 千駄ケ谷
35.6587232,139.7771202,chocoZAP(チョコザップ) 幡ケ谷二丁目
35.6945938,139.7844791,TIP.X TOKYO渋谷
35.6820383,139.7738636,FASTGYM24 笹塚
35.6751667,139.7679301,ファストジム24幡ヶ谷店
35.6688771,139.7613944,パワーハウスジム ヒデヤマギシ東京ジャパン
35.670226,139.768273,DESCENTE SHOP TOKYO(デサント ショップ トウキョウ)
35.6716556,139.779496,Dr.stretch(ドクターストレッチ) 恵比寿西口店
35.6909163,139.7770622,部分やせパーソナルスタジオ/BODY DESIGN CONSUL(ボディ デザイン コンサル)
35.6691199,139.7834347,STUDIO BAZOOKA(スタジオ バズーカ) 渋谷一丁目店
35.6878503,139.7757514,SSS新宿Studio(スリーエス シンジュク シタジオ)
35.6728416,139.7679866,Natural Muscle(ナチュラル マッスル) 恵比寿店
35.6886215,139.772037,パーソナルマシンピラティスYUZU恵比寿/代官山ANNEX(ユズ エビス ダイカンヤマ アネックス)
35.6726299,139.7614943,MiniGYM(ミニジム)
35.6726299,139.7614943,KARADA BESTA(カラダ ビスタ) 代々木上原店
35.6591494,139.7863356,Vanish Personal training(バニッシュ パーソナル トレーニング)
35.6689386,139.7649901,SeA(セア) パーソナルジム恵比寿
35.6691381,139.7863765,GYM & SAUNA(ジム アンド サウナ)
35.6742086,139.7666855,ニューバランス 渋谷スクランブルスクエア
35.6710343,139.761369,SALOMON STORE TOKYO SHIBUYA(サロモンストア東京渋谷)
35.659222,139.7781279,KARADA BESTA(カラダ ビスタ) 恵比寿店
35.6850975,139.7740739,全日本弓道連盟中央道場 明治神宮武道場 至誠館 第二弓道場
35.6900318,139.785477,ライザップ 神宮前店
35.6911848,139.7839947,Onitsuka Tiger SHIBUYA2(オニツカタイガー渋谷2)
35.6736082,139.7701999,FIERTE(フィエルテ) 渋谷店
35.6696252,139.7653306,Yoga Tree Daikanyama(ヨガツリー代官山)
35.669533,139.7674928,Smart Gorilla(スマートゴリラ)
35.6819681,139.7769711,avity(アヴィティ) 代官山スタジオ
35.6895363,139.773984,Onitsuka Tiger SHIBUYA1(オニツカタイガー渋谷1)
35.6757194,139.7799451,Columbia(コロンビア) 渋谷店
35.6595988,139.7750936,Nike World of Flight Tokyo Shibuya(ナイキワールドオブフライト東京渋谷)
35.6902558,139.7749558,ミズノショップ 渋谷パルコ
35.6851915,139.7806643,代々木公園バスケットコート
35.6731995,139.7680776,キャロウェイ/トラヴィスマシュー 青山店
35.6808238,139.7734349,LIFE TUNING DAYS(ライフ チューニング デイズ) 東急プラザ渋谷店
35.6815718,139.7738599,Dr.(ドクター)ストレッチ 渋谷マークシティ店
35.6743799,139.765406,Tailwind(テイルウインド)
35.6747626,139.7813633,シーザージム渋谷
35.6822182,139.7828912,OAKLEY STORE HARAJUKU(オークリーストア原宿)
35.6739763,139.7772175,PERSONAL TRANING SWITCH(パーソナル トレーニング スタジオ スイッチ)
35.6695403,139.7728449,TARGET SHIBUYA(ターゲット シブヤ)
35.6709337,139.7746938,TOTAL Workout SHIBUYA (トータルワークアウト 渋谷)
35.693,139.7852961,ライザップ 恵比寿店
35.668643,139.764709,メガロス恵比寿
35.6850975,139.7740739,ファイテンショップ 渋谷東口店
35.689584,139.7788992,GRANCISE(グランサイズ) 恵比寿ガーデン
35.5929798,139.7389474,patagonia SURF TOKYO/OUTLET(パタゴニアサーフトウキョウアウトレット)
35.6194179,139.750209,Ola(オラ)ピラティススタジオ
35.6124988,139.7537981,HOT STUDIO SANCTUARY(ホット スタジオ サンクチュアリ) 代々木上原店
35.6245334,139.728242,ホットヨガスタジオLAVA(ラバ) 恵比寿東口店
35.6220048,139.7548561,ホットヨガスタジオLAVA(ラバ) 笹塚店
35.5993621,139.7220005,GALLERY2(ギャラリー ツー) 渋谷店
35.6079489,139.745873,QBCLUB(キュービィクラブ) 東京店
35.5923872,139.7529895,Bodies(ボディーズ) 新宿タカシマヤタイムズスクエアスタジオ
35.6226697,139.717482,the HOUSE(ザ ハウス)
35.5923872,139.7529895,K-1ジム恵比寿小比類巻道場
35.6108362,139.720579,クオリア富ヶ谷
35.5998502,139.7501158,CARDIO BARRE SHIBUYA(カーディオ バー シブヤ)
35.6253543,139.7259942,Magma spastudio INSEA(マグマ スパスタジオ インシー) 恵比寿店
35.6181188,139.7267227,Onitsuka Tiger OMOTESANDO NIPPON MADE(オニツカタイガー表参道ニッポンメイド)
35.6162271,139.7374207,Onitsuka Tiger THE ONITSUKA OMOTESANDO(ジ・オニツカ 表参道)
35.5929798,139.7389474,サッカーショップKAMO(カモ) 原宿店
35.614944,139.7465519,GRANCISE(グランサイズ) 青山
35.6163369,139.738209,FITNESS CLUB HIROO(フィットネス クラブ ヒロオ)
35.5875185,139.7338041,EXFIGHT(エクスファイト)
35.614944,139.7465519,エバンスゴルフ
35.6331675,139.7200592,ラクロス用品専門店 LAX KONG(ラックス コング) 東京店
35.606431,139.7363729,PALACE SKATEBOARDS TOKYO(パレス スケートボード トウキョウ)
35.6274135,139.7161099,スポーツクラブA-1 笹塚店
35.6179119,139.730436,AGNIYOGA(アグニヨガ) 笹塚店
35.5922586,139.7334981,lululemon Harajuku(ルルレモン ハラジュク)
35.6303875,139.7279402,完全プライベートパーソナルジム808 TOKYO(トウキョウ)
35.6341277,139.714873,NOBOROCK(ノボロック) 渋谷店
35.6242223,139.7233124,日本武道傳 少林寺流空手道 勇心門 総本部
35.6195493,139.7025125,CREBIQ(クレビック) 新宿店
35.6233067,139.7186571,AQROS(アクロス) 渋谷店
35.6009605,139.7227253,Dr.stretch(ドクター ストレッチ) 渋谷宮益坂店
35.6092253,139.7126673,OASIS RAFEEL(オアシス ラフィール) 恵比寿
35.6151093,139.6999226,体育指導のスタートライン 明治神宮教室
35.6126793,139.7128636,K-1 ジム代官山
35.610085,139.7182959,PLAYLON(プレロン)
35.6033611,139.733095,久保田運動具店 東京支店
35.6221232,139.7501399,DOUBLE EAGLE EBISU(ダブル イーグル エビス)
35.6092469,139.7488374,adabat(アダバット) 新宿タカシマヤ店
35.6097385,139.7190726,ShapesGirl(シェイプスガール) 渋谷本店
35.615654,139.7142519,jump one(ジャンプ ワン) 渋谷PARCO店
35.5883262,139.7303162,ZEROGYM SENDAGAYA(ゼロジム センダガヤ)
35.6036176,139.706226,Goldwin Harajuku(ゴールドウィン原宿)
35.6154113,139.7142745,ビッグ バン ホッケー 東京店
35.6080293,139.735668,メガロスルフレ恵比寿
35.6278831,139.7192023,Spoon(スプーン) 代々木上原店
35.6009605,139.7227253,TODAY SAGARA YOGA STUDIO(トゥデイ サガラ ヨガ スタジオ)
35.6247784,139.7196013,GPC(ジーピーシー)恵比寿
35.6216548,139.74018,BEYOND(ビヨンド) 表参道店
35.614371,139.6986033,BEYONDジム 恵比寿店
35.6038223,139.7351835,ユーロスポーツ 渋谷店
35.6092504,139.7120432,ON TOKYO(オン トーキョー)
35.6280927,139.7124392,Pilates en Rose(ピラティス アン ローズ)
35.6049627,139.7434063,PUMA STORE(プーマストア) 原宿キャットストリート
35.6151093,139.6999226,ハイアルチ代々木上原スタジオ
35.6092253,139.7126673,B・B・V ola SHIBUYA STUDIO(オラ シブヤ スタジオ)
35.6150771,139.7170648,ballaholic TOKYO(ボーラホリック トウキョウ)
35.6255131,139.7224418,Women's Studio Flugel(ウーマンズ スタジオ フリューゲル) 恵比寿スタジオ
35.6177638,139.7068602,Women's Studio Flugel(ウーマンズ スタジオ フリューゲル) 代々木上原スタジオ
35.6272666,139.7267503,東京体育館フットサルコート
35.6065967,139.7326909,トーマス体操 広尾校
35.6083704,139.7429983,ヨガスタジオ YOGIWAY(ヨギウェイ)
35.621661,139.730506,enbody(エンボディ) 恵比寿店
35.6156315,139.6994937,IYC(インターナショナルヨガセンター) 表参道スタジオ
35.6122119,139.7421741,総本部代官山道場
35.6036363,139.7315734,RUNNING SCIENCE LAB(ランニング サイエンス ラボ)
35.6248244,139.7226025,BURTON FLAGSHIP TOKYO(バートン フラッグシップ トウキョウ)
35.588229,139.7301369,ONE PIECE×FITNESS BragMen(ワン ピース フィットネス ブラグメン) 渋谷モディ店
35.588229,139.7301369,J&S Bouldering Gym(ジェイアンドエス ボルダリング ジム)
35.6030256,139.7342861,MJDIVA SHOP(エムジェイディーバ ショップ) 東京代官山
35.5887216,139.7298886,NEUTRALWORKS.(ニュートラル ワークス) 恵比寿ガーデンプレイス店
35.6242223,139.7233124,CLUB PILATES YEBISU GARDEN PLACE(クラブ ピラティス エビス ガーデン プレイス)
35.6346573,139.7164433,ms-tokyo(エムスポーツ トウキョウ)
35.6140053,139.7160227,GYM ORSO(ジム オルソ) 代官山アドレス・ディセ店
35.6059848,139.7332029,ストレッチ専門店Dr.(ドクター)ストレッチ 幡ヶ谷店
35.6105632,139.7424502,Eva cuore body(エバ クオーレ ボディ)
35.6204203,139.7294513,BALI STONE HOT YOGA STUDIO ALLURE(バリ ストーン ホット ヨガ スタジオ アリュール) 恵比寿店
35.6274925,139.7244872,パーソナルトレーニングジムREAL WORKOUT(リアルワークアウト) 恵比寿西口店
35.61838,139.7275646,パーソナルトレーニングジムREAL WORKOUT(リアルワークアウト) 笹塚店
35.6184016,139.7144247,パーソナルトレーニングジムREAL WORKOUT(リアルワークアウト) 代々木・千駄ヶ谷店
35.6071935,139.7340887,パーソナルトレーニングジムREAL WORKOUT(リアルワークアウト) 代々木上原店
35.6161305,139.7085792,パーソナル トレーニング ジム JOHNNY STYLE(ジョニー スタイル) 恵比寿店
35.6310199,139.7159573,Shibuya Fitness Sharez(シブヤ フィットネス シェアーズ) 渋谷松濤店
35.6344196,139.7194974,Shibuya Fitness Sharez(シブヤ フィットネス シェアーズ) 渋谷宮益坂上店
35.6060622,139.7143144,FAb fitness&beauty(エフエービー) 恵比寿・広尾店
35.6178952,139.7131773,【ラグリーフィットネス】LAGREE MICRO STUDIO
35.6208537,139.7713581,eviGym(エビジム) 渋谷公園通り店
35.6229935,139.7496681,eviGym(エビジム) 恵比寿店
35.625536,139.7253482,eviGym(エビジム) 恵比寿EAST店
35.6266445,139.7263664,eviGym(エビジム) 渋谷東口店
35.5920825,139.7502165,Apple GYM(アップルジム) 恵比寿店
35.6204203,139.7294513,Apple GYM(アップルジム) 恵比寿店
35.6141879,139.7151822,パーソナルトレーニング ジムティーバランス 渋谷店
35.6240794,139.7269196,OZAKI FITNESS GYM(オザキ フィットネス ジム)
35.6175554,139.7066542,Y's gym & beauty(ワイズ ジム アンド ビューティー)
35.6263059,139.7225143,パーソナルトレーニングジム ダイエットパートナー初台店
35.6190748,139.7036024,株式会社melis Japan(メリスジャパン)
35.6258612,139.7136611,株式会社Shapes(シェイプス)
35.6102268,139.7183444,PREMIUM GOLF STUDIO(プレミアム ゴルフ スタジオ)
35.6215085,139.7481377,パーソナルジムビーユー 代々木上原店
35.6327298,139.7254005,Pilates Mee(ピラティスミー) 恵比寿店
35.6258238,139.7270593,キックボクシング スタジオ リフィナス渋谷本店
35.606147,139.7329856,SHIBUYA Private GYM FIT(シブヤ プライベート ジム フィット)
35.6154038,139.7170276,キックライフジム 代官山店
35.6237137,139.7206588,MermaidSurf(マーメイドサーフ)サーフィン専門パーソナルトレーニングジム
35.6194271,139.7027703,HYPERION GOLF STUDIO(ヒューぺリオン ゴルフ スタジオ) 千駄ヶ谷店
35.6062211,139.7035437,ダイエットパートナー 初台店
35.6246704,139.7403545,TANIFIT(タニフィット) 渋谷店
35.6054482,139.7066143,VOLTEX-YOYOGI(ボルテックスヨヨギ)
35.6344968,139.7193216,ボディメイクスタジオModels Tokyo(モデルズ トウキョウ)
35.6177512,139.7035226,BODY R GYM 渋谷センター街 CAMOUFLAGE
35.6255223,139.7261059,東京体育館陸上競技場
35.6349455,139.7169036,笹塚高架下施設体育室
35.6274139,139.7230711,勤労福祉会館卓球場
35.6155239,139.7148683,BODY R GYM 渋谷センター街 WHITE
35.6340512,139.7169717,BODY R GYM 渋谷センター街 GRAY
35.6162387,139.7290376,BODY R GYM 渋谷センター街店
35.6281513,139.7133487,BODY R GYM 渋谷センター街 PURPLE
35.6248173,139.717756,BODY R GYM 渋谷センター街 GREEN
35.6196917,139.7037481,b-monster 恵比寿スタジオ
35.6231071,139.7215167,クラヴマガ 渋谷スタジオ
35.6091143,139.7365349,ゴルフ5 プレステージ広尾店
35.6266008,139.7193957,adidas Brand Center RAYARD MIYASHITA PARK店
35.6057426,139.7359538,instant skateboards RAYARD MIYASHITA PARK店
35.6027811,139.7223817,SAI RAYARD MIYASHITA PARK店
35.6061784,139.7153418,代々木公園球技場
35.5875761,139.7343691,アリーナショップ原宿店
35.6194201,139.7027647,アークティーズ
35.6240632,139.7227011,ケイプロダクト
35.6197929,139.7039614,バドミントンショップウエンブレー渋谷店
35.5880974,139.7296834,ワークアウトイサミ
35.6263978,139.7222466,株式会社ポイプ
35.6041274,139.7335751,株式会社ムラサキスポーツ 渋谷スペイン坂店
35.6036437,139.7060107,唐橋卓球株式会社
35.6091438,139.7184418,ジェクサーキッズスクール新宿
35.6061987,139.7347863,ジェクサーフィットネスクラブ新宿店
35.5923872,139.7529895,チョコザップ千駄ヶ谷
35.614944,139.7465519,ゴルフスクールパームツリー恵比寿
35.6259851,139.7269629,ツーエムゴルフ練習場
35.625873,139.7231166,ダイビングチームサム
35.5923872,139.7529895,広尾倶楽部
35.6061235,139.7338736,国際卓球株式会社 渋谷店
35.620585,139.7044601,テニスサポートセンタ渋谷店
35.6009635,139.7530694,原宿ゴルフアカデミー
35.6059391,139.7135708,テニス846シブヤ
35.6235461,139.7230131,ドンバロン
35.6061987,139.7347863,サンデースポーツ
35.6061987,139.7347863,和術慧舟會HEARTS
35.6061987,139.7347863,スポーツナロ
35.6181188,139.7267227,スポーツナロ・バドミントン
35.6181188,139.7267227,センタースポーツ
35.6196659,139.7402626,ギャラリー2渋谷 サッカー・フットサル店
35.6345562,139.7147462,THECLUB22
35.6267391,139.7206409,ヴィンテージスポーツ渋谷店
35.5981827,139.7383663,フィットネスクラブ広尾 ガーデンヒルズスタジオ
35.6058104,139.7134862,東京プロポーションラボ
35.6144643,139.6981357,アスレタ(ATHLETA)HARAJUKU
35.6284132,139.7215965,フィットネスショップ原宿店
35.617565,139.7123993,スクランブル渋谷ジム
35.6097454,139.736264,財団法人氣の研究会幡ヶ谷氣圧療法研究所
35.6092768,139.7302388,ササキスポーツ原宿店
35.6185715,139.7047725,SPORTS・SCIENCE・LAB
35.6139156,139.7249308,タクティブ渋谷
35.6045954,139.7047058,ゴルフエイティーン
35.5891561,139.7375077,アランチャ・トレーニングスタジオ
35.6257928,139.7147252,MITTNESS渋谷店
35.6186623,139.7053677,インドアゴルフレッスンスタジオ渋谷
35.6270528,139.7233922,スターフィット笹塚店
35.6244048,139.7233033,スキューバプロショップ渋谷店
35.6250011,139.7257391,CUSTOMFITGYM
35.6305709,139.7283607,&MOSH
35.626012,139.7250805,乗馬サロンピアッフェ新宿
35.6151426,139.7169023,西野流呼吸法総本部
35.6259628,139.7093671,Reebok 原宿店
